q,question,options,image,answerIndex
475,ഒരു റോഡപകടത്തിൽ പരിക്കേറ്റ വ്യക്തിയെ സഹായിക്കുന്ന പൗരന്നിയമപരമോ നടപടി ക്രമപരമോ ആയ തടസ്സങ്ങളിൽ നിന്ന് സംരക്ഷിക്കുന്ന ഇന്ത്യയിലെ നിയമം ഏത്?,"[""റോഡ് സുരക്ഷ നിയമം 2007"", ""കേരള പോലീസ് ആക്ട് 2011"", ""ഗുഡ് സമരിയൻ നിയമം"", ""മോട്ടോർ വാഹന നിയമം 2011""]",,2
476,ഔദ്യോഗിക അറിയിപ്പില്ലാതെ ഏത് സാഹചര്യത്തിലാണ് വേഗത നിയന്ത്രണങ്ങൾ നിലനിൽക്കുക?,"[""ഒരു മാസത്തിൽ കൂടുതൽ നിയന്ത്രണം നിലനിൽക്കുമ്പോൾ"", ""ഒരു മാസത്തിൽ താഴെ നിയന്ത്രണം നിലനിൽക്കുമ്പോൾ"", ""അവധി ദിവസങ്ങളിൽ മാത്രം"", ""ട്രാഫിക് കുറവായിരിക്കുമ്പോൾ""]",,0
477,താഴെപ്പറയുന്നവയിൽ ഏതാണ് എമർജൻസി വാഹന ഡ്രൈവർക്ക് വേഗതപരിധി മറികടക്കാനുള്ള കാരണം അല്ലാത്തത്?,"[""ആരോഗ്യത്തിന് ഗുരുതരമായ നാശനഷ്ടം ഒഴിവാക്കുന്നതിന്"", ""ഒരു കുറ്റകൃത്യം തടയുന്നതിന് വേണ്ടി"", ""തീ അണയ്ക്കുന്നതിനുവേണ്ടി"", ""അടിയന്തര യോഗത്തിന് എത്താൻ വേണ്ടി""]",,3
478,നിയമപരമായി സ്പീഡ് പരിധി മറികടക്കുന്ന സമയത്ത് ഒരു എമർജൻസി വാഹന ഡ്രൈവർ എന്ത് ഉപകരണങ്ങളാണ് പ്രവർത്തിപ്പിക്കേണ്ടത്?,"[""നിയമാനുസൃതമായ ഹോൺ മുഴക്കണം"", ""മൾട്ടി - ട്യൂൺ ഹോണും മൾട്ടി കളർ ഫ്ലാഷറും"", ""ഹെഡ് ലൈറ്റുകൾ മാത്രം"", ""ഒരു മൾട്ടി കളർ ഫ്ലാഷർ""]",,1
479,മോട്ടോർ വാഹന നിയമം 1988 അനുസരിച്ച് 2015 ഒക്ടോബർ 1 നോ അതിനുശേഷമോ നിർമ്മിച്ച ട്രാൻസ്പോർട്ട് വാഹനങ്ങൾ സ്പീഡ് ലിമിറ്റിംഗ് ഉപകരണം ഉപയോഗിച്ച് സജ്ജീകരിക്കേണ്ട പരമാവധി വേഗത എത്രയാണ്?,"[""മണിക്കൂറിൽ 50 കിലോമീറ്റർ"", ""മണിക്കൂറിൽ 60 കിലോമീറ്റർ"", ""മണിക്കൂറിൽ 70 കിലോമീറ്റർ"", ""മണിക്കൂറിൽ 80 കിലോമീറ്റർ""]",,3
480,എല്ലാ സ്റ്റേജ് ക്യാരിേയജുകൾ ടിപ്പർ ലോറികൾ ഹെവി ട്രാൻസ്പോർട്ട് വാഹനങ്ങൾ ടാങ്കറുകൾ അപകടകരമായ വസ്തുക്കൾ കൊണ്ടുപോകുന്ന വാഹനങ്ങൾ എന്നിവയുടെ വേഗത നിയന്ത്രണ ഉപകരണത്തിൽ സജ്ജീകരിക്കേണ്ട പരമാവധി വേഗത എത്രയാണ്?,"[""മണിക്കൂറിൽ 50 കിലോമീറ്റർ"", ""മണിക്കൂറിൽ 60 കിലോമീറ്റർ"", ""മണിക്കൂറിൽ 70 കിലോമീറ്റർ"", ""മണിക്കൂറിൽ 80 കിലോമീറ്റർ""]",,1
481,EIB / സ്കൂൾ ബസ്സുകൾക്കും സ്കൂൾ കുട്ടികളെ കൊണ്ടുപോകാൻ ഉപയോഗിക്കുന്ന എല്ലാ വാഹനങ്ങൾക്കും അനുവദിച്ചിരിക്കുന്ന പരമാവധി വേഗത എത്രയാണ്?,"[""മണിക്കൂറിൽ 50 കിലോമീറ്റർ"", ""മണിക്കൂറിൽ 60 കിലോമീറ്റർ"", ""മണിക്കൂറിൽ 70 കിലോമീറ്റർ"", ""മണിക്കൂറിൽ 80 കിലോമീറ്റർ""]",,0
482,നഗര റോഡുകൾ ഒഴികെ കേരളത്തിലെ എല്ലാ റോഡുകളിലും ഇരു ചക്ര വാഹനങ്ങൾക്ക് അനുവദനീയമായ പരമാവധി വേഗത എത്രയാണ്?,"[""മണിക്കൂറിൽ 50 കിലോമീറ്റർ"", ""മണിക്കൂറിൽ 60 കിലോമീറ്റർ"", ""മണിക്കൂറിൽ 70 കിലോമീറ്റർ"", ""മണിക്കൂറിൽ 80 കിലോമീറ്റർ""]",,1
483,M1 കാറ്റഗറി വാഹനങ്ങൾക്ക് (ഡ്രൈവർ സീറ്റ് കൂടാതെ എട്ട് സീറ്റിൽ കൂടാത്ത യാത്രക്കാരുടെ വാഹനം) ആറ് വരി പാതയുള്ള ദേശീയ പാതയിൽ നിലവിൽ അനുവദനീയമായ പരമാവധി വേഗത പരിധി എത്രയാണ്?,"[""മണിക്കൂറിൽ 80 കിലോമീറ്റർ"", ""മണിക്കൂറിൽ 90 കിലോമീറ്റർ"", ""മണിക്കൂറിൽ 100 കിലോമീറ്റർ"", ""മണിക്കൂറിൽ 110 കിലോമീറ്റർ""]",,3
484,M1 കാറ്റഗറി വാഹനങ്ങൾക്ക് (ഡ്രൈവർ സീറ്റ് കൂടാതെ എട്ട് സീറ്റിൽ കൂടാത്ത യാത്രക്കാരുടെ വാഹനം) നാല് വരി പാതയുള്ള ദേശീയ പാതയിൽ നിലവിൽ അനുവദനീയമായ പരമാവധി വേഗത പരിധി എത്രയാണ്?,"[""മണിക്കൂറിൽ 80 കിലോമീറ്റർ"", ""മണിക്കൂറിൽ 90 കിലോമീറ്റർ"", ""മണിക്കൂറിൽ 100 കിലോമീറ്റർ"", ""മണിക്കൂറിൽ 110 കിലോമീറ്റർ""]",,1
485,2017 ലെ ഡ്രൈവിംഗ് റെഗുലേഷൻ അനുസരിച്ച് സ്കൂൾ മേഖലയ്ക്ക് സമീപം അനുവദനീയമായ പരമാവധി വേഗതപരിധി എത്രയാണ്?,"[""മണിക്കൂറിൽ 25 കിലോമീറ്റർ"", ""മണിക്കൂറിൽ 30 കിലോമീറ്റർ"", ""മണിക്കൂറിൽ 35 കിലോമീറ്റർ"", ""മണിക്കൂറിൽ 20 കിലോമീറ്റർ""]",,1
486,............. ഉപയോഗം നിരോധിക്കുന്നതും ആയി ബന്ധപ്പെട്ട നിലവിലുള്ള നിയമങ്ങൾ ഡ്രൈവർ കർശനമായി പാലിക്കേണ്ടതാണ് കൂടാതെ മറ്റ് ജീവനക്കാരും യാത്രക്കാരും ഇത് പാലിക്കുന്നുണ്ട് എന്ന് ഉറപ്പാക്കുകയും വേണം,"[""മദ്യം"", ""മയക്കുമരുന്ന്"", ""പുകവലി"", ""മുകളിൽ പറഞ്ഞവ എല്ലാം""]",,3
487,കുറഞ്ഞത് ............. ലൈറ്റ് മോട്ടോർ വാഹനം ഓടിക്കുന്ന ഡ്രൈവിംഗ് ലൈസൻസ് കൈവശം ഉള്ളവർക്ക് ഹെവി മീഡിയം ട്രാൻസ്പോർട്ട് വാഹനം ഓടിക്കാൻ ലേണേഴ്സ് ലൈസൻസ് നൽകുകയുള്ളൂ,"[""ഒരു വർഷം"", ""രണ്ടുവർഷം"", ""മൂന്നുവർഷം"", ""ആറുമാസം""]",,0
488,നിങ്ങൾ മണിക്കൂറിൽ 30 കിലോമീറ്റർ വേഗതയിൽ വാഹനം ഓടിക്കുമ്പോൾ ഒരു സെക്കൻഡിൽ നിങ്ങൾ ഏകദേശം എത്ര മീറ്റർ പിന്നിടും?,"[""ഏകദേശം 2 മീറ്റർ"", ""ഏകദേശം 9 മീറ്റർ"", ""ഏകദേശം 18 മീറ്റർ"", ""ഏകദേശം 36 മീറ്റർ""]",,1
489,എപ്പോഴാണ് വാഹനത്തിന്‍റെ പാത (ലെയിൻ) മാറ്റം നിർബന്ധമാകുന്നത്?,"[""ഡ്രൈവർക്ക് റോഡിലെ ഒരു തടസ്സം ഒഴിവാക്കേണ്ടി വരുമ്പോൾ"", ""തിരിയുന്നതിനു മുമ്പ് ശരിയായ പാത തിരഞ്ഞെടുക്കുമ്പോൾ"", ""വേഗത കുറഞ്ഞ വാഹനത്തെ മറികടക്കുമ്പോൾ"", ""മുകളിൽ പറഞ്ഞത് എല്ലാം""]",,3
490,മൂന്ന് കാര്യങ്ങളുടെ ആവർത്തനമാണ് ഡ്രൈവിംഗ് ശരിയായ ക്രമത്തിൽ അവ ഏതൊക്കെയാണ്?,"[""ചിന്തിക്കുക പ്രവർത്തിക്കുക കാണുക"", ""പ്രവർത്തിക്കുക ചിന്തിക്കുക കാണുക"", ""കാണുക ചിന്തിക്കുക പ്രവർത്തിക്കുക"", ""കാണുക പ്രവർത്തിക്കുക ചിന്തിക്കുക""]",,2
491,ഒരു കാർ ഓടിക്കുമ്പോൾ ശരിയായി ക്രമീകരിച്ച ഹെഡ് റെസ്റ്ററന്റ് നിങ്ങളെ ........... സഹായിക്കും,"[""നിങ്ങളെ കൂടുതൽ സുഖകരമാക്കുവാൻ"", ""കഴുത്തിന് പരിക്കേൽക്കാതിരിക്കാൻ സഹായിക്കും"", ""വിശ്രമിക്കാൻ നിങ്ങളെ സഹായിക്കുക"", ""നിങ്ങളുടെ ഡ്രൈവിംഗ് സ്ഥാനം നിലനിർത്താൻ സഹായിക്കുക""]",,1
492,വാഹനം ഓടിക്കുമ്പോൾ എപ്പോൾ മാത്രമേ മൊബൈൽ ഫോൺ ഉപയോഗിക്കാവൂ?,"[""ഒരു കോൾ സ്വീകരിക്കുന്ന സമയത്ത്"", ""വാഹനം അനുയോജ്യമായ രീതിയിൽ നിർത്തിയതിനുശേഷം"", ""മണിക്കൂറിൽ 30 കിലോമീറ്റർ താഴെ വേഗതയിൽ വാഹനം ഓടിക്കുമ്പോൾ"", ""ഒരു ഓട്ടോമാറ്റിക് ട്രാൻസ്മിഷൻ വാഹനം ഓടിക്കുന്നു""]",,1
493,വാഹനം ഓടിക്കുമ്പോൾ ക്ഷീണം ഒഴിവാക്കാനുള്ള ഏറ്റവും നല്ല മാർഗ്ഗം ഏതാണ്?,"[""രാത്രി ഡ്രൈവിംഗ് ഒഴിവാക്കുക"", ""വിശ്രമത്തിനായി നിർത്തുക"", ""ചരക്കുകൾ കയറ്റാതെ ഓടിക്കാം"", ""നല്ല നിലവാരമുള്ള വിസ്കി രണ്ട് പെഗ് കുടിക്കുക""]",,1
494,രാത്രിയിൽ വാഹനം ഓടിക്കുമ്പോൾ താഴെപ്പറയുന്നവയിൽ ഏതുതരത്തിലുള്ള കണ്ണട ധരിക്കരുത്?,"[""ഹാഫ് മൂൺ"", ""വൃത്താകൃതിയിൽ ഉള്ളവ"", ""ബൈ-ഫോക്കൽ"", ""ടിന്റേർഡ്""]",,3
495,താഴെപ്പറയുന്ന ഏത് സാഹചര്യത്തിൽ ഡ്രൈവ് ചെയ്യുമ്പോൾ ആണ് നിങ്ങളുടെ സ്റ്റോപ്പിങ് ഡിസ്റ്റൻസ് വളരെ കൂടുതലായിരിക്കുന്നത്?,"[""മഴയത്ത്"", ""മഞ്ഞിൽ"", ""രാത്രിയിൽ"", ""ശക്തമായ കാറ്റിൽ""]",,0
496,ഇരുണ്ട സമയത്ത്, സൂര്യാസ്തമനത്തിലോ, പ്രഭാതത്തിനോ വാഹനം ഓടിക്കുമ്പോൾ നിങ്ങൾ എന്താണ് ചെയ്യേണ്ടത്?,"[""മറ്റു വാഹനങ്ങളുടെ ഹെഡ് ലൈറ്റ് പ്രകാശം കണ്ണിലേക്ക് അടിക്കാതിരിക്കാൻ നിങ്ങൾ സൺഗ്ലാസുകൾ ഉപയോഗിക്കുക"", ""ലോ ബീമിൽ നിങ്ങളുടെ ഹെഡ് ലൈറ്റുകൾ ഓണാക്കുക"", ""അപകട മുന്നറിയിപ്പ് ലൈറ്റുകൾ ഓണാക്കുക"", ""വളരെ വേഗത്തിൽ ഡ്രൈവ് ചെയ്യാം""]",,1
497,റോഡ് ജംഗ്ഷനിൽ ഇനി പറയുന്നവയിൽ ഏതാണ് ഏറ്റവും അപകട സാധ്യതയുള്ളത്?,"[""മോട്ടോർസൈക്കിൾ യാത്രക്കാർ"", ""സൈക്കിൾ യാത്രക്കാർ"", ""കാൽനടക്കാർ"", ""മുകളിൽ പറഞ്ഞവയെല്ലാം""]",,3
498,ഏത് സാഹചര്യത്തിലാണ് മറ്റ് ഡ്രൈവർമാർക്ക് അവരുടെ ഹെഡ് ലൈറ്റുകൾ നിങ്ങളുടെ നേരെ ഫ്ലാഷ് ചെയ്യാൻ അനുവദിക്കുന്നത്?,"[""മറികടക്കുമ്പോൾ അവരുടെ സാന്നിധ്യത്തെ കുറിച്ച് മുന്നറിയിപ്പ് നൽകാൻ"", ""നിങ്ങൾക്ക് അപകടമുണ്ട് എന്ന് മുന്നറിയിപ്പ് നൽകാൻ"", ""നിങ്ങൾ വേഗത ലംഘിക്കുമ്പോൾ മുന്നറിയിപ്പ് നൽകാൻ"", ""അവർ നിങ്ങൾക്ക് വഴിതരികയാണെന്ന് നിങ്ങളെ അറിയിക്കാം""]",,0
499,താഴെപ്പറയുന്ന പ്രസ്താവനകളിൽ ഏതാണ് ശരി?,"[""കാൽനട യാത്രക്കാർക്ക് റോഡിൽ പ്രത്യേക അവകാശമില്ല"", ""സീബ്രാ ക്ലോസിങ്ങുകൾ മാത്രം ശരിയായ വഴി നൽകണം"", ""അനിയന്ത്രിതമായ കാൽനട ക്രോസിംഗിൽ കാൽനടയാത്രക്കാർക്ക് അവകാശമുണ്ട്"", ""മുകളിൽ കൊടുത്തിരിക്കുന്നത് ഒന്നും ശരിയല്ല""]",,2
500,നനഞ്ഞ കാലാവസ്ഥയിൽ വാഹനം ഓടിക്കുമ്പോൾ എന്ത് ചെയ്യണം?,"[""കാൽനട യാത്രക്കാരുടെ മേൽ വെള്ളം തെറിക്കുന്നത് ഒഴിവാക്കാൻ റോഡിൻറെ മധ്യത്തിൽ വാഹനം ഓടിക്കുക"", ""തിടുക്കപ്പെട്ട അപകട സാധ്യതയോടുകൂടി നടക്കുന്ന കാൽനട യാത്രക്കാരെ ശ്രദ്ധിക്കുക"", ""റോഡ് മുറിച്ചെടുക്കാൻ പ്രായമായ ഒരു സഹായിക്കുക"", ""നിർദ്ദിഷ്ട വേഗത പരിധിയിൽ ഡ്രൈവ് ചെയ്യുക""]",,1
501,താഴെപ്പറയുന്ന രീതിയിലല്ലാതെ ഒരു ലേണേഴ്സ് ലൈസൻസ് ഉടമ വാഹനം ഓടിക്കാൻ പാടില്ല,"[""മണിക്കൂറിൽ 50 കിലോമീറ്റർ താഴെ"", ""രാത്രിയിൽ"", ""ഒരു ലൈസൻസ് ഉള്ള വ്യക്തി വാഹനം നിയന്ത്രിക്കാവുന്ന രീതിയിൽ കൂടെ ഉണ്ടാവുക"", ""പകൽ സമയം മാത്രം""]",,2
502,ഇതിൽ ഏത് അവസരത്തിലാണ് നിങ്ങൾ വാഹനം നിർത്തേണ്ടത്?,"[""വാഹനം അപകടത്തിൽ പെടുമ്പോൾ"", ""ഒരു ചുവന്ന ട്രാഫിക് ലൈറ്റിൽ"", ""ഒരു പോലീസ് ഉദ്യോഗസ്ഥൻ നിർത്താൻ കാണിച്ചാൽ"", ""മുകളിൽ പറഞ്ഞവരെ എല്ലാം""]",,3
503,തിരിഞ്ഞതിനു ശേഷം നിങ്ങളുടെ സിഗ്നൽ ലൈറ്റുകൾ നിർത്തി എന്ന് നിങ്ങൾ ഉറപ്പാക്കേണ്ടത് എന്തുകൊണ്ട്?,"[""ബാറ്ററി ചാർജ് തീരുന്നത് ഒഴിവാക്കാൻ"", ""മറ്റു റോഡ് ഉപഭോക്തകളെ തെറ്റിദ്ധരിപ്പിക്കുന്നത് ഒഴിവാക്കാൻ"", ""മറ്റു റോഡ് ഉപഭോക്താക്കളെ അമ്പരപ്പിക്കാതിരിക്കാൻ"", ""ഇൻഡിക്കേറ്റർ റിലേയുടേ കേടുപാടുകൾ ഒഴിവാക്കാൻ""]",,1
504,നിങ്ങളുടെ മുന്നിൽ സഞ്ചരിക്കുന്ന വാഹനത്തിൽ നിന്ന് എത്ര അകലം പാലിക്കണം?,"[""15 മീറ്റർ"", ""10 മീറ്റർ"", ""നിങ്ങളുടെ മുന്നിൽ സഞ്ചരിക്കുന്ന വാഹനത്തിന്റെ വേഗതയെ ആശ്രയിച്ചിരിക്കുന്നു"", ""നിങ്ങളുടെ മുന്നിലുള്ള വാഹനം പെട്ടെന്ന് വേഗത കുറക്കുകയും നിർത്തുകയോ ചെയ്താൽ കൂട്ടിയിടി ഒഴിവാക്കാൻ മതിയായ ദൂരം""]",,3
505,മറ്റ് ഡ്രൈവർമാർ അവരുടെ ഹെഡ് ലൈറ്റുകൾ നിങ്ങളുടെ നേരെ ഫ്ലാഷ് ചെയ്യുമ്പോൾ എന്താണ് അതിനർത്ഥം?,"[""മുന്നിൽ ഒരു റഡാർ സ്പീഡ് ട്രാപ്പ് ഉണ്ടെന്ന്"", ""അവർ നിങ്ങൾക്ക് വഴിയൊരുക്കുകയാണ്"", ""അവരുടെ സാന്നിധ്യത്തെക്കുറിച്ച് അവർ നിങ്ങളെ മുന്നറിയിപ്പ് നൽകുന്നു"", ""നിങ്ങളുടെ വാഹനത്തിൽ എന്തോ കുഴപ്പമുണ്ടെന്ന്""]",,2
506,ഡ്രൈവ് ചെയ്യുമ്പോൾ നിങ്ങളുടെ വാഹനത്തിൻറെ ഇൻസ്ട്രുമെന്റ് പാനലിൽ ഒരു മുന്നറിയിപ്പ് ലൈറ്റ് തെളിയുന്നുവെങ്കിൽ നിങ്ങൾ എന്ത് ചെയ്യണം?,"[""എൻജിനിൽ നിന്നുള്ള ശബ്ദം ശരിയാണെങ്കിൽ തുടരുക"", ""ഇതൊരു താൽക്കാലിക വൈദ്യുത തകരാർ മാത്രമാണെന്ന് കരുതുന്നു"", ""സമയം ഉള്ളപ്പോൾ പ്രശ്നം കൈകാര്യം ചെയ്യുക"", ""പ്രശ്നം വേഗത്തിലും സുരക്ഷിതമായും പരിഹരിക്കുക""]",,3
507,നിങ്ങളുടെ കാർ ഗതാഗത യോഗ്യമാക്കുന്നതിന് ഇവയിൽ ഏതാണ് നല്ല പ്രവർത്തനത്തിൽ ആയിരിക്കേണ്ടത്?,"[""സ്പീഡോമീറ്റർ"", ""ഹോൺ"", ""വിൻഡ് സ്ക്രീൻ വൈപ്പർ"", ""മുകളിൽ പറഞ്ഞവ എല്ലാം""]",,3
508,അപകട സമയത്ത് യാത്രക്കാരെ സംരക്ഷിക്കുന്നതിനുള്ള ഏറ്റവും ഫലപ്രദമായ ഉപകരണം?,"[""സീറ്റ് ബെൽറ്റ്"", ""സേഫ്റ്റി ഡോർ ലാച്ചസ്"", ""പാഡഡ് ഇൻസ്ട്രുമെന്റ് പാനൽ"", ""മുകളിൽ കൊടുത്തിരിക്കുന്ന ഒന്നും ശരിയല്ല""]",,0
509,നിങ്ങൾ ഒരു സുഹൃത്തിന്റെ കാറോടിക്കുന്നതിന് വേണ്ടി ഡ്രൈവർ സീറ്റിൽ ഇരുന്നപ്പോൾ സ്റ്റിയറിങ് വീലിൽ നിന്നും മറ്റു വാഹനത്തിന്റെ കൺട്രോളിൽ നിന്നും വളരെ അകലെ ഇരിക്കുന്നതായി അനുഭവപ്പെട്ടാൽ നിങ്ങൾ എന്താണ് ചെയ്യേണ്ടത്?,"[""നിങ്ങൾ ഒരിക്കലും മറ്റൊരാളുടെ വാഹനം ഉപയോഗിക്കരുത്"", ""നിങ്ങൾ മറ്റൊരാളുടെ വാഹനത്തിന്റെ സീറ്റ് ക്രമീകരിക്കരുത്"", ""നിങ്ങൾ അനുയോജ്യമായ രീതിയിൽ സീറ്റ് മുന്നോട്ടു ക്രമീകരിക്കുക"", ""അതേ പൊസിഷനൽ തന്നെ വാഹനം ഓടിക്കുക""]",,2
510,സ്വകാര്യ വാഹനങ്ങളുടെ നമ്പർ പ്ലേറ്റുകളുടെ കളർ സ്കീം എന്തായിരിക്കണം?,"[""കറുത്ത പശ്ചാത്തലവും വെള്ള അക്കങ്ങളും"", ""മഞ്ഞ പശ്ചാത്തലം വെള്ള അക്കങ്ങളും"", ""വെള്ള പശ്ചാത്തലം കറുത്ത അക്കങ്ങളും"", ""വെള്ള പശ്ചാത്തലവും മഞ്ഞ അക്കങ്ങളും""]",,2
511,ലൈറ്റ് മോട്ടോർ വാഹനത്തിൻറെ സാധുവായ ഡ്രൈവിംഗ് ലൈസൻസ് നിങ്ങൾക്ക് ഉണ്ടെങ്കിൽ നിങ്ങൾക്ക് താഴെ പറയുന്ന ഏതെല്ലാം വാഹനങ്ങൾ ഓടിക്കാൻ അനുവാദം ഉണ്ട്?,"[""മോട്ടോർ കാർ മാത്രം"", ""50 സിസിക്ക് മുകളിലുള്ള മോട്ടോർ സൈക്കിളും മോട്ടോർ കാറും"", ""എല്ലാ മോട്ടോർ വാഹനങ്ങളും"", ""മോട്ടോർ കാർ മോട്ടോർസൈക്കിൾ""]",,0
512,സാധുവായ ഡ്രൈവിംഗ് ലൈസൻസ് ഇല്ലാത്ത വാഹനം ഓടിക്കുന്നതിനിടയിൽ നിങ്ങൾക്ക് അപകടത്തിൽ പെട്ടാൽ ഇൻഷുറൻസ് കമ്പനി എന്ത് ചെയ്യും?,"[""നാശനഷ്ടങ്ങൾക്ക് ഭാഗീഗമായി നഷ്ടപരിഹാരം നൽകും"", ""നാശനഷ്ടങ്ങൾക്ക് മുഴുവനായി നഷ്ടപരിഹാരം നൽകും"", ""നാശനഷ്ടങ്ങൾക്ക് നഷ്ടമായ പരിഹാരം നല്കില്ല"", ""മരണമുണ്ടായാൽ നാശനഷ്ടങ്ങൾക്ക് ഭാഗമായി നഷ്ടപരിഹാരം നൽകും""]",,2
513,സാധുവായ ഡ്രൈവിംഗ് ലൈസൻസ് ഇല്ലാതെ റോഡിൽ വാഹനം ഓടിക്കുമ്പോൾ നിങ്ങൾക്ക് എപ്പോഴാണ് ശിക്ഷാ നടപടി നേരിടേണ്ടി വരിക?,"[""നിങ്ങൾ ഒരു അപകടം നേരിടുമ്പോൾ മാത്രം"", ""എൻഫോഴ്സ്മെന്റ് ഓഫീസർ നിങ്ങളുടെ വാഹനം പരിശോധിക്കുമ്പോൾ"", ""ശിക്ഷാ നടപടി നേരിടേണ്ടി വരില്ല"", ""ഓഫീസിൽ ലൈസൻസ് അല്ലെങ്കിൽ രജിസ്ട്രേഷൻ പുതുക്കൽ ചെല്ലുമ്പോൾ""]",,1
514,നിങ്ങളുടെ വാഹനം ഒരു അപകടത്തിൽപ്പെട്ടിരിക്കുന്നു നിങ്ങൾ എന്താണ് ചെയ്യേണ്ടത്?,"[""അടുത്തുള്ള പോലീസ് സ്റ്റേഷനിൽ റിപ്പോർട്ട് ചെയ്തു ആളുകളെ ആശുപത്രിയിൽ എത്തിക്കുക"", ""പോലീസ് സ്റ്റേഷനി റിപ്പോർട്ട് ചെയ്യേണ്ടതില്ല"", ""പോലീസ് സ്റ്റേഷൻ റിപ്പോർട്ട് ചെയ്തില്ലെങ്കിലും അപകടത്തിൽപ്പെട്ടവരെ ആശുപത്രിയിൽ കൊണ്ടുപോകണം"", ""വാഹനം അപകട സ്ഥലത്ത് നിർത്താതെ പോകാം""]",,0
515,നിങ്ങളുടെ നമ്പർ പ്ലേറ്റുകളുടെ വ്യക്തമായ കാഴ്ച തടസ്സപ്പെടുത്തുന്ന കുറ്റമാണോ?,"[""മൂന്ന് രജിസ്ട്രേഷൻ ഉള്ളതിനാൽ ഏതെങ്കിലും ഒരെണ്ണം പ്രദർശിച്ചാൽ മതി"", ""അതേ, എല്ലാ സമയത്തും"", ""അല്ല നിങ്ങൾ വേണമെങ്കിൽ നിങ്ങളുടെ നമ്പർ തെറ്റുകൾ മറക്കാൻ അനുവാദം ഉണ്ട്"", ""അതെ, എന്നാൽ പിൻ നമ്പർ പ്ലേറ്റ് മറയ്ക്കുന്നത് തടസ്സമില്ല""]",,1
516,ഇനി പറയുന്നത് ഏതാണ് അപകടത്തിനുശേഷം സ്വീകരിക്കേണ്ട അടിസ്ഥാന നടപടി?,"[""പ്രദേശം സംരക്ഷിക്കുക"", ""അധികൃതരെ അറിയിക്കുക"", ""പരിക്കേറ്റവരെ പരിപാലിക്കുക"", ""മുകളിൽ പറഞ്ഞവ എല്ലാം""]",,3
517,ആംബുലൻസിൽ സഹായം ലഭിക്കുന്നതിന് മെഡിക്കൽ അടിയന്തര സാഹചര്യത്തിൽ നിങ്ങൾ ഏത് ഫോൺ നമ്പർ ആണ് ഡയൽ ചെയ്യേണ്ടത്?,"[""102"", ""103"", ""108"", ""105""]",,2
518,നിങ്ങൾ ഒരു അപകടസ്ഥലത്ത് എത്തുന്നുവെങ്കിൽ, ആദ്യം ചെയ്യേണ്ടത് എന്താണ്?,"[""പോലീസിനെ വിളിക്കുക"", ""മറ്റ് ട്രാഫിക്കിന് മുന്നറിയിപ്പ് നൽകുക"", ""ആംബുലൻസ് വിളിക്കുക"", ""മുകളിൽ പറഞ്ഞവ എല്ലാം""]",,3
519,താഴെ പറയുന്നവയിൽ അപകടങ്ങൾ സംഭവിക്കാൻ കാരണമാകുന്നത്,"[""ഡ്രൈവർമാരുടെ അശ്രദ്ധ കൊണ്ട്"", ""വാഹനത്തിൻറെ തകരാർ കാരണം"", ""ദുഷ്കരമായ റോഡ് കാരണമോ അല്ലെങ്കിൽ കാലാവസ്ഥാ സാഹചര്യങ്ങൾ മൂലമോ"", ""മുകളിൽ പറഞ്ഞവ എല്ലാം""]",,3
520,റോഡപകടത്തിൽ പെടുന്ന ഏറ്റവുമധികം ഡ്രൈവർമാരുടെ പ്രായപരിധി?,"[""36 മുതൽ 45 വയസ്സുവരെ"", ""55 വയസും അതിൽ കൂടുതലും"", ""46 മുതൽ 55 വയസ്സുവരെ"", ""17 മുതൽ 25 വയസ്സുവരെ""]",,3
521,പ്രായമായ ഒരാളുടെ ഡ്രൈവിംഗ് കഴിവിനെ താഴെ പറയുന്ന എന്ത് കുറവാണ് ബാധിക്കുക,"[""റോഡ് അടയാളങ്ങൾ മനസ്സിലാക്കുന്നതിൽ വീഴ്ച്ച"", ""വാഹനത്തിൽ പാട്ട് വെക്കുന്നത്"", ""വളരെ വേഗത്തിൽ പ്രതികരിക്കുന്നതിനുള്ള കുറവ്"", ""സിഗ്നലുകൾ ശരിയായി നൽകാൻ കഴിയാത്തതു""]",,2
522,വാഹനമോടിക്കുമ്പോൾ മൊബൈൽ ഫോൺ ഉപയോഗിക്കരുത്,,"[""മറ്റൊരു ട്രാഫിക്കും അടുത്തില്ല എന്ന് നിങ്ങൾ തൃപ്തനാകുന്നത് വരെ"", ""ഒറ്റക്കൈ കൊണ്ട് ഓടിക്കാൻ പറ്റാത്ത പക്ഷം"", ""കാരണം അത് മുന്നിലുള്ള വഴിയിൽ നിന്ന് നിങ്ങളുടെ ശ്രദ്ധയെ വ്യതിചലിപ്പിച്ചേക്കാം"", ""വഴിയിൽ പോലീസ് ചെക്കിങ് ഉണ്ടാകും""]",,2
523,നിങ്ങളുടെ ഡ്രൈവിംഗിനെ ബാധിക്കാൻ സാധ്യതയുള്ള മരുന്നുകളാണ് നിങ്ങൾ കഴിക്കുന്നതെങ്കിൽ നിങ്ങൾ എന്താണ് ചെയ്യേണ്ടത്?,"[""വാഹനമോടിക്കുന്നതിന് മുമ്പ് വൈദ്യോപദേശം തേടുക"", ""അത്യാവശ്യ യാത്രകളിൽ നിങ്ങളുടെ ഡ്രൈവിംഗ് പരിമിതപ്പെടുത്തുക"", ""സ്ഥിരം ലൈസൻസ് ഉടമയോടൊപ്പം ഉണ്ടെങ്കിൽ മാത്രം ഡ്രൈവ് ചെയ്യുക"", ""കുറഞ്ഞ ദൂരത്തേക്ക് മാത്രം ഡ്രൈവ് ചെയ്യുക""]",,0
524,നിങ്ങളുടെ യാത്ര ആരംഭിക്കുന്നതിന് മുമ്പ് നിങ്ങൾ ഒരു തർക്കത്തിൽ ഏർപ്പെടുകയും നിങ്ങളെ ദേഷ്യം പിടിപ്പിക്കുകയും ചെയ്തുവെങ്കിൽ നിങ്ങൾ എന്ത് ചെയ്യണം?,"[""ഡ്രൈവ് ചെയ്യാൻ തുടങ്ങുക, പക്ഷേ ഒരു വിൻഡോ തുറക്കുക"", ""സാധാരണയേക്കാൾ പതുക്കെ ഡ്രൈവ് ചെയത് റേഡിയോ ഓണാക്കുക"", ""ഡ്രൈവ് ചെയ്യുന്നതിനുമുമ്പ് വിശ്രമിക്കാൻ നിങ്ങളെ സഹായിക്കുന്ന ഒരു മദ്യപാനം കഴിക്കുക"", ""നിങ്ങൾ ഡ്രൈവ് ചെയ്യാൻ തുടങ്ങുന്നതിനുമുമ്പ് ശാന്തമാക്കുക""]",,3
525,മറ്റൊരു വാഹനത്തിന്റെ ഡ്രൈവറുടെ പെരുമാറ്റം നിങ്ങളെ വിഷമിപ്പിച്ചു, അതിൽ നിന്ന് നിങ്ങൾക്കെങ്ങനെ ശാന്തമാകാം?,"[""വാഹനം നിർത്തി ചെറുതായി ഒന്ന് വിശ്രമിക്കുക"", ""അധിക്ഷേപകരമായ ഭാഷയിൽ ആക്രോശിക്കുക"", ""നിങ്ങളുടെ കൈ കൊണ്ട് അവരോട് ആംഗ്യം കാണിക്കുക"", ""ഹെഡ് ലൈറ്റുകൾ തെളിയിച്ചു കൊണ്ട് അവരുടെ കാറിനെ പിന്തുടരുക""]",,0
526,മദ്യം ആദ്യം ബാധിക്കുന്നത്?,"[""കാഴ്ച്ച"", ""സംസാരം"", ""കേൾവി"", ""വിധി നിർണയം (Judgment)""]",,3
527,വൈകുന്നേരം വാഹനം ഓടിക്കണം. നിങ്ങളെ ഉച്ചഭക്ഷണത്തിന് ക്ഷണിച്ചു. നിങ്ങളുടെ ഏറ്റവും നല്ല നടപടി എന്താണ്?,"[""രണ്ട് പെഗ് മദ്ധ്യം കഴിക്കാം"", ""മദ്യം ഒട്ടും കുടിക്കരുത്"", ""മദ്യം കഴിക്കുന്നതിന് മുമ്പ് കുറച്ച് പാൽ കുടിക്കുക"", ""നിങ്ങളുടെ ലഹരിപാനീയങ്ങൾക്കൊപ്പം ചൂടുള്ള ഭക്ഷണം കഴിക്കുക""]",,1
528,ഒരു പാർട്ടിയിൽ കുറച്ച് മദ്യം കഴിച്ച ഡ്രൈവർക്ക് നിങ്ങൾ എന്ത് ഉപദേശമാണ് നൽകേണ്ടത്?,"[""ഒരു കപ്പ് കാപ്പി കുടിച്ച് വീട്ടിലേക്ക് ഡ്രൈവ് ചെയ്യുക"", ""ശ്രദ്ധയോടും സാവധാനത്തിലും വീട്ടിലേക്ക് ഡ്രൈവ് ചെയ്യുക"", ""പൊതുഗതാഗതത്തിൽ വീട്ടിലേക്ക് പോകുക"", ""കുറച്ച് നേരം കാത്തിരുന്ന ശേഷം വീട്ടിലേക്ക് ഡ്രൈവ് ചെയ്യുക""]",,2
529,ലഹരിപാനീയങ്ങളല്ലാതെ മറ്റെന്താണ് നിങ്ങളുടെ ഏകാഗ്രതയെ ഗുരുതരമായി ബാധിക്കുക?,"[""മയക്കുമരുന്ന്"", ""ക്ഷീണം"", ""ഉച്ചത്തിലുള്ള സംഗീതം"", ""മുകളിൽ പറഞ്ഞവ എല്ലാം""]",,3
530,റോഡരികിൽ വാഹനത്തിൻറെ വാതിൽ തുറക്കുമ്പോൾ നിങ്ങൾക്ക് എന്തെങ്കിലും ഉത്തരവാദിത്തമുണ്ടോ?,"[""ഡ്രൈവർക്ക് എപ്പോൾ വേണമെങ്കിലും വാതിൽ തുറക്കാം"", ""ഇല്ല, വാതിൽ തുറക്കുന്നത് കണ്ടാൽ വരുന്ന വാഹനം നിർത്തി കൊടുക്കണം"", ""ഇല്ല, വാഹനത്തിൻറെ വാതിൽ തുറക്കുന്നതിന് ഒരു നിയന്ത്രണവുമില്ല"", ""അതെ, നിങ്ങൾ റോഡ് ഉപയോക്താക്കൾക്ക് അപകടമുണ്ടാക്കാനോ ട്രാഫിക് തടസ്സപ്പെടുത്താനോ സാധ്യതയുണ്ടെങ്കിൽ നിങ്ങൾ വാഹനത്തിൻറെ വാതിൽ തുറക്കരുത്""]",,3
531,ഇനിപ്പറയുന്നവയിൽ ഏതാണ് നിങ്ങളെ ഒരു സുരക്ഷിത ഡ്രൈവർ ആക്കാൻ ഏറ്റവും സാധ്യതയുള്ളത്?,"[""ഞാൻ ഡ്രൈവ് ചെയ്യുമ്പോൾ, എന്റെ സുരക്ഷയ്ക്കും മറ്റ് റോഡ് ഉപയോക്താക്കളുടെ സുരക്ഷയ്ക്കും ഞാൻ ഉത്തരവാദിയാണ്"", ""തകരുകയോ തകരാതിരിക്കുകയോ ചെയ്യുന്നത് ഭാഗ്യത്തിന്റെ കാര്യമാണ്"", ""മറ്റ് റോഡ് ഉപയോക്താക്കൾ അവരുടെ സുരക്ഷ ഉറപ്പാക്കണം"", ""മറ്റ് ഡ്രൈവർമാർ അശ്രദ്ധരാണ്, എനിക്ക് സുരക്ഷാ ബോധമുണ്ട്""]",,0
532,ഇനിപ്പറയുന്നവയിൽ ഏതാണ് നിങ്ങളുടെ വാഹനത്തിൽ സൂക്ഷിക്കാൻ പാടില്ലാത്തത്?,"[""ഒരു പ്രഥമശുശ്രൂഷ കിറ്റ്"", ""ഒരു റോഡ് അറ്റ്ലസ്"", ""കത്തുന്ന മെറ്റീരിയൽ"", ""ടൂൾ കിറ്റ്""]",,2
533,ഇനിപ്പറയുന്നവയിൽ ഏതാണ് ശരി?,"[""എല്ലാ കാൽനട ക്രോസിംഗുകളിലും കാൽനടയാത്രക്കാർക്ക് അവകാശമുണ്ട്"", ""കാൽനടയാത്രക്കാർക്ക് റോഡ് മുറിച്ചുകടക്കാൻ അവകാശമില്ല"", ""കാൽനടയാത്രക്കാർ വാഹനങ്ങൾ കടന്നുപോകാൻ അനുവദിക്കണം"", ""റോഡ് ക്രോസിംഗുകളിൽ കാൽനടയാത്രക്കാർ സാവധാനം നീങ്ങണം""]",,0
534,ഇനിപ്പറയുന്ന പ്രസ്താവനകളിൽ ഏതാണ് ശരി?,"[""നിശ്ശബ്ദ മേഖലകളിൽ നിങ്ങൾ ഹോൺ മുഴക്കരുത്"", ""നിങ്ങൾ മൾട്ടി ടോൺ ഉള്ള ഹോൺ ഉപയോഗിക്കരുത്"", ""അനാവശ്യ ശബ്ദം ഉണ്ടാക്കി വാഹനം ഓടിക്കരുത്"", ""മുകളിൽ പറഞ്ഞവ എല്ലാം""]",,3
535,ചരക്ക് വാഹനത്തിൻറെ ഡ്രൈവർക്ക് യാത്രക്കാരെ കൊണ്ടുപോകാം?,"[""ട്രെയിലറിൽ"", ""വാഹനത്തിന്റെ ബോഡിയിൽ"", ""കൂലിക്കോ പ്രതിഫലത്തിനോ വേണ്ടി"", ""യാത്രക്കാരെ കയറ്റാൻ കഴിയില്ല""]",,3
536,വാഹനം ഓടിക്കുമ്പോൾ താഴെപ്പറയുന്നവയിൽ ഏതെല്ലാം രേഖകൾ കൊണ്ടുപോകേണ്ടതില്ല?,"[""ഡ്രൈവിംഗ് ലൈസൻസ്"", ""രജിസ്ട്രേഷൻ സർട്ടിഫിക്കറ്റ്"", ""ഇൻവോയ്സ്"", ""ഇൻഷുറൻസ് സർട്ടിഫിക്കറ്റ്""]",,2
537,നിങ്ങൾ റോഡിൽ വാഹനമോടിക്കുമ്പോൾ രേഖകൾ ഹാജരാക്കാൻ ആവശ്യപ്പെടാൻ ഇനിപ്പറയുന്നവരിൽ ആർക്കാണ് അധികാരമുള്ളത്?,"[""യൂണിഫോമിലുള്ള പോലീസ് വകുപ്പിലെ ഉദ്യോഗസ്ഥർ"", ""യൂണിഫോമിലുള്ള ഗതാഗത വകുപ്പ് ഉദ്യോഗസ്ഥർ"", ""സർക്കാർ അധികാരപ്പെടുത്തിയ മറ്റേതെങ്കിലും ഉദ്യോഗസ്ഥൻ"", ""മുകളിൽ പറഞ്ഞവ എല്ലാം""]",,3
538,ഗിയറുകളുടെ സഹായത്തോടെ വാഹനം നിർത്തുന്നത് എങ്ങനെ?,"[""ഗിയർ നൂട്രലിലേക്ക് കൊണ്ടുവരുന്നു"", ""എൻജിൻ സ്വിച്ച് ഓഫ് ചെയ്യുന്നു"", ""ഗിയറുകൾ ഓരോന്നായി താഴ്ത്തുന്നു"", ""ക്ലച്ചൻ ബ്രേക്കും ഒരേ സമയം അമർത്തുന്നു""]",,2
539,ഇനി പറയുന്നവയിൽ ഏതാണ് വാഹനം ഓടിക്കുമ്പോൾ ഏകാഗ്രത നഷ്ടപ്പെടുത്തുന്നത്?,"[""ഉച്ചത്തിലുള്ള സംഗീതം"", ""ഒരു യാത്രക്കാരനുമായി തർക്കം"", ""മൊബൈൽ ഫോൺ ഉപയോഗിക്കുന്നത്"", ""മുകളിൽ പറഞ്ഞവ എല്ലാം""]",,3
540,ഒരു നീണ്ട യാത്രയിൽ വിരസത നിങ്ങൾക്ക് ഉറക്കം വരാൻ ഇടയാക്കും അതിനാൽ നിങ്ങൾ ഇങ്ങനെ ചെയ്തിരിക്കണം,"[""വിശ്രമത്തിനായി വാഹനം റോഡിൻറെ ഷോൾഡറിൽ നിർത്തുക"", ""റോഡ് വിട്ട് വാഹനം നിർത്താൻ സുരക്ഷിതമായ ഒരു സ്ഥലം കണ്ടെത്തി നിങ്ങളുടെ വാഹനത്തിലേക്ക് ശുദ്ധവായു കയറാൻ സാഹചര്യമുണ്ടാക്കുക"", ""ചുറ്റുമുള്ള ഭൂപ്രകൃതിയിലേക്ക് നോക്കി ഭംഗി ആസ്വദിക്കുക"", ""നിങ്ങളുടെ യാത്ര വേഗത്തിൽ പൂർത്തിയാക്കാൻ വേഗത്തിൽ ഡ്രൈവ് ചെയ്യുക""]",,1
541,വാഹനത്തിൻറെ ഇവയിൽ ഏതാണ് നല്ല നിലയിൽ നിലനിർത്താൻ നിയമം ആവശ്യപ്പെടുന്നത്?,"[""ഹെഡ് ലൈറ്റ്"", ""വിൻഡ് സ്ക്രീൻ"", ""സീറ്റ് ബെൽറ്റ്"", ""മുകളിൽ പറഞ്ഞവയെല്ലാം""]",,3
542,13 വയസ്സുള്ള രണ്ടു കുട്ടികളെയും അവരുടെ മാതാപിതാക്കളെയും നിങ്ങൾ കാറിൽ കയറ്റുന്നു കുട്ടികൾ സീറ്റ് ബെൽറ്റ് ധരിക്കുന്നില്ലെന്ന് കണ്ടാൽ ആരാണ് ഉത്തരവാദി?,"[""കുട്ടികളുടെ മാതാപിതാക്കൾ"", ""ആ വാഹനത്തിന്റെ ഡ്രൈവർ ആയ നിങ്ങൾ"", ""മുൻസിപ്പൽ യാത്രക്കാരൻ"", ""കുട്ടികൾ""]",,1
543,ശബ്ദമലിനീകരണം കാരണമായേക്കാം?,"[""മാനസികസന്തലിതാവസ്ഥ തെറ്റുന്നതിന്"", ""ഡ്രൈവറുടെ ഏകാഗ്രത തടസ്സപ്പെടുത്തുന്നു"", ""കേൾവി ശക്തി നഷ്ടപ്പെടുന്നു"", ""മുകളിൽ പറഞ്ഞവ എല്ലാം""]",,3
544,ഒരു ഡ്രൈവർ നിങ്ങളെ വിഷമിപ്പിക്കുന്ന എന്തെങ്കിലും ചെയ്യുന്നു എങ്കിൽ നിങ്ങൾ എന്ത് ചെയ്യണം?,"[""പ്രതികരിക്കാതിരിക്കാൻ ശ്രമിക്കുക"", ""നിങ്ങൾക്ക് എങ്ങനെ തോന്നുന്നു എന്ന് അവരെ അറിയിക്കുക"", ""നിങ്ങളുടെ ഹെഡ് ലൈറ്റുകൾ നിരവധി തവണ ഫ്ലാഷ് ചെയ്യുക"", ""നിങ്ങളുടെ ഹോൺ മുഴക്കുക""]",,0
545,അനുഭവസമ്പത്ത് കുറഞ്ഞ ഡ്രൈവറോട് നിങ്ങൾ എങ്ങനെ പ്രതികരിക്കണം?,"[""നിങ്ങളുടെ സാന്നിധ്യത്തെക്കുറിച്ച് അവർക്ക് മുന്നറിയിപ്പ് നൽകാൻ നിങ്ങളുടെ ഹോൺ മുഴക്കുക"", ""ക്ഷമയോടെ അവരുടെ മന്ദഗതിയിലുള്ള പ്രതികരണത്തിന് തയ്യാറാവുക"", ""മുന്നോട്ടു പോകുന്നത് അവർക്ക് സുരക്ഷിതമാണെന്ന് സൂചിപ്പിക്കാൻ നിങ്ങളുടെ ഹെഡ് ലൈറ്റുകൾ ഫ്ലാഷ് ചെയ്യുക"", ""എത്രയും വേഗം അവരെ മറികടക്കുക""]",,1
546,മറ്റ് റോഡ് ഉപയോഗിക്കാത്തവർക്ക് നിങ്ങളുടെ ഹെഡ് ലൈറ്റുകൾ ഫ്ലാഷ് ചെയ്യാവുന്ന സന്ദർഭം?,"[""നിങ്ങൾ വഴി നൽകുന്നു എന്ന് കാണിക്കാൻ"", ""നിങ്ങൾ തിരിയാൻ പോവുകയാണ് എന്ന് കാണിക്കാൻ"", ""നിങ്ങൾക്കാണ് മുൻഗണന എന്ന് അറിയിക്കാൻ"", ""നിങ്ങളുടെ സാന്നിധ്യം അറിയിക്കാൻ""]",,3
547,വാഹനം ഓടിക്കുമ്പോൾ ക്ലച്ച് പെഡൽ ഏറെ ചവിട്ടി പിടിക്കുകയോ അല്ലെങ്കിൽ ന്യൂട്രലിൽ കൂടുതൽ നേരം വാഹനം ഓടാൻ അനുവദിക്കുകയും ചെയ്യുന്നതുകൊണ്ടുള്ള ദോഷം എന്താണ്?,"[""കൂടുതൽ ഇന്ധനം ഉപയോഗിക്കും"", ""എൻജിൻ അമിതമായി ചൂടാകാൻ കാരണമാകുന്നു"", ""നിങ്ങളുടെ നിയന്ത്രണം കുറയുന്നു"", ""ടയർ തേയ്മാനം മെച്ചപ്പെടുത്തുന്നു""]",,2
548,നിങ്ങളുടെ വാഹനം കുത്തനെ ഒരു ഇറക്കം ഇറങ്ങുമ്പോൾ ക്ലച്ച് ചവിട്ടി ഇറങ്ങുന്നതും അല്ലെങ്കിൽ ഗിയർ ന്യൂട്രൽ ആക്കി വാഹനം പോകുന്നതും അപകടകരമാകുന്നത് എന്തുകൊണ്ട്?,"[""കൂടുതൽ ഇന്ധനം ഉപയോഗിക്കും"", ""നിങ്ങളുടെ വാഹനം വേഗത കൂടുകയും നിയന്ത്രണം നഷ്ടപ്പെടുകയും ചെയ്യും"", ""എഞ്ചിൻ അമിതമായി ചൂണ്ടാകാൻ കാരണമാവുകയും കേടു വരികയും ചെയ്യും"", ""ടയർ മെച്ചപ്പെടുത്തുന്നു""]",,1
549,നിങ്ങൾ വളരെ കനത്ത മഴയിൽ വാഹനം ഓടിക്കുമ്പോൾ നിങ്ങളുടെ വാഹനത്തിന്റെ സ്റ്റോപ്പിങ് ഡിസ്റ്റൻസ്......സാധ്യതയുണ്ട്?,"[""വർദ്ധിപ്പിക്കുവാൻ"", ""കുറയുവാൻ"", ""പത്തിരട്ടി വരെ കൂടാൻ"", ""അതേപടി തുടരുവാൻ""]",,0
550,പുതു റോഡുകളിൽ വാഹനം ഓടിക്കുന്നതിന് നിയമപരമായ മിനിമം ഇൻഷുറൻസ് പരിരക്ഷ എന്താണ്?,"[""തേർഡ് പാർട്ടിയും തീയും മോഷണവും കവർ ചെയ്യണം"", ""പൂർണ്ണ പരിരക്ഷയുള്ളവ"", ""തേർഡ് പാർട്ടി മാത്രം"", ""വ്യക്തിഗത പരിക്ക് കവർ ചെയ്യുന്നവ""]",,2
551,നിങ്ങൾ ഒരു സെക്കൻഡ് ഹാൻഡ് വാഹനം വാങ്ങിയിരിക്കുന്നു ഉടമസ്ഥാവകാശം മാറ്റുന്നതിന് രജിസ്റ്റർ എപ്പോഴാണ് പറയേണ്ടത്?,"[""14 ദിവസത്തിനുള്ളിൽ"", ""28 ദിവസത്തിനുള്ളിൽ"", ""ഒരു മാസത്തിനുള്ളിൽ"", ""നിങ്ങൾക്ക് അത് ഇൻഷ്വർ ചെയ്യുമ്പോൾ മാത്രം""]",,0
552,അപകടം നടന്ന സ്ഥലത്ത് ആദ്യം എത്തുന്നത് നിങ്ങളാണ് ഇതിൽ ഏതാണ് നിങ്ങൾ ചെയ്യേണ്ടത്?,"[""വാഹന എഞ്ചിൻ സ്വിച്ച് ഓഫ് ചെയ്യുക"", ""പരിക്കേറ്റവരെ വാഹനങ്ങളിൽ നിന്നും മാറ്റുക"", ""അടിയന്തര സേവനങ്ങളെ വിളിക്കുക"", ""മുകളിൽ പറഞ്ഞവയെല്ലാം""]",,3
553,നിങ്ങളുടെ സൂചകങ്ങൾ ശോഭയുള്ള സൂര്യപ്രകാശത്തിൽ കാണാൻ ബുദ്ധിമുട്ടായിരിക്കാം നിങ്ങൾ എന്താണ് ചെയ്യേണ്ടത്?,"[""ഒരു ഹാൻഡ് സിഗ്നൽ നൽകുന്നതോടൊപ്പം ഇൻഡിക്കേറ്റർ ഉപയോഗിക്കുകയും ചെയ്യുക"", ""നിങ്ങളുടെ സൂചകം നേരത്തെ വയ്ക്കുക"", ""സ്റ്റോപ്പ് ലൈറ്റുകൾ കാണിക്കാൻ ബ്രേക്ക് നിരവധി തവണ ചവിട്ടുക"", ""നിങ്ങൾക്ക് കഴിയുന്നത്ര വേഗത്തിൽ തിരിയുക""]",,0
554,ഏത് സാഹചര്യത്തിലാണ് നിങ്ങളുടെ വാഹനം പിടിച്ചെടുക്കാൻ കഴിയുക?,"[""രജിസ്ട്രേഷൻ ഇല്ലാതെ വാഹനം ഓടിക്കുമ്പോൾ"", ""അനാവശ്യമായ ഹെഡ് ലൈറ്റുകൾ മിന്നുമ്പോൾ"", ""രജിസ്ട്രേഷൻ നമ്പറുകൾ തെറ്റായ അളവുകളിൽ എഴുതുമ്പോൾ"", ""വാഹന രൂപമാറ്റം വരുത്തുമ്പോൾ""]",,0
555,അനിയന്ത്രിതമായ കാൽനട ക്രോസിംഗിനെ സംബന്ധിച്ച് നിയമം എന്താണ് ആവശ്യപ്പെടുന്നത്?,"[""വേഗത കൂട്ടുക എന്ന കാൽനട ക്രോസിംഗിനുള്ള കാൽനടയാത്രക്കാരെ ഇടിക്കുന്നത് ഒഴിവാക്കുക"", ""വേഗത കുറച്ച് മുന്നോട്ടുപോകുക"", ""കാൽനട ക്രോസിംഗിനുള്ള കാൽനടയാത്രക്കാർക്ക് നിർത്തി മുൻഗണന നൽകുക"", ""ഇതിനകം കാൽനട ക്രോസിങ്ങിലുള്ള കാൽനട യാത്രക്കാരെ ഓർത്ത് വേഗത കൂട്ടുക""]",,2
556,രാത്രിയിൽ മറ്റു വാഹനങ്ങളുടെ ഹെഡ് ലൈറ്റുകൾ നിങ്ങളുടെ നേരെ ഫ്ലാഷ് ചെയ്യുമ്പോൾ നിങ്ങൾ എന്തു ചെയ്യണം?,"[""ആവശ്യമെങ്കിൽ വേഗത കുറയ്ക്കുക അല്ലെങ്കിൽ നിർത്തുക"", ""റോഡിൻറെ ഇടതുവശത്തേക്ക് വാഹനം മാറ്റുകയും വേഗത കുറയ്ക്കുകയും, ഹെഡ് ലൈറ്റുകൾ ലോ ബീം ആക്കുകയും ചെയ്യുക"", ""നിങ്ങളുടെ ഹെഡ് ലൈറ്റുകൾ തുടർച്ചയായി ഡിപ്പ് ചെയ്യുക"", ""വാഹനത്തിൻറെ വേഗത കൂട്ടുക""]",,1
557,കവർ നോട്ട് എന്നത് നിങ്ങൾക്ക് ........ ലഭിക്കുന്നതിനു മുൻപ് നൽകുന്ന ഒരു രേഖയാണ്,"[""ഡ്രൈവിംഗ് ലൈസൻസ്"", ""രജിസ്ട്രേഷൻ സർട്ടിഫിക്കറ്റ്"", ""ഇൻഷുറൻസ് സർട്ടിഫിക്കറ്റ്"", ""പി യു സി സി സർട്ടിഫിക്കറ്റ്""]",,2
558,നിങ്ങളുടെ വാഹനത്തിൽ തീ കണ്ടാൽ നിങ്ങൾ എന്ത് ചെയ്യണം?,"[""ഉടനെ വാഹനം റോഡിൻറെ വശത്തേക്ക് മാറ്റുക എൻജിനും എല്ലാ ഇലക്ട്രിക്കൽ സ്വിച്ചുകളും ഓഫാക്കി എല്ലാ യാത്രകരെയും ഇറക്കി നിർത്തി മണലോ അല്ലെങ്കിൽ കട്ടിയുള്ളതുമായ തുണി കൊണ്ട് തീ അടയ്ക്കാൻ ശ്രമിക്കുക"", ""ഉടനെ വാഹനം റോഡിൻറെ വശത്തേക്ക് മാറ്റുക എൻജിൻ ഓഫ് ചെയ്യുക എല്ലാ ഇലക്ട്രിക് സ്വിച്ചുകളും കത്തുന്ന വയറുകളും വെള്ളം ഒഴിച്ച് തീ കടത്തുക"", ""അഗ്നിശമന സേനയെ വിളിക്കുക അല്ലാതെ ഒന്നും ചെയ്യരുത്"", ""അഗ്നിശമന സേന വരുന്നത് വരെ വാഹനം റോഡിൽ ഇടുക""]",,0
559,ആവശ്യത്തിലധികം സമയം ക്ലച്ചിൽ കാൽ വച്ച് വാഹനം ഓടിക്കരുത് കാരണമെന്ത്?,"[""വാഹനത്തിൻറെ നിയന്ത്രണം കുറയ്ക്കുന്നു"", ""പെട്ടെന്ന് ക്ലച്ച് തേയ്മാനം സംഭവിക്കുന്നു"", ""ഇന്ധന ഉപയോഗം വർദ്ധിക്കുന്നു"", ""മുകളിൽ പറഞ്ഞവരെ എല്ലാം""]",,1
560,വാഹനത്തിൽ ചോക്കിന്റെ ചുമതല എന്താണ്?,"[""എയർ ഇന്ധന മിശ്രിതത്തിൽ ഇന്ധനം സമ്പുഷ്ടമാക്കുക"", ""എയർ ഇന്ധനത്തിൽ വായു സമ്പുഷ്ടമാക്കുക"", ""വായു ഇന്ധന മിശ്രിതത്തിൽ ജലത്തിൻറെ സാന്നിദ്ധ്യം ഒഴിവാക്കുക"", ""വായു സമ്മർദ്ദം കൂട്ടുക""]",,0
561,നിങ്ങളുടെ വാഹനത്തിന് തേർഡ് പാർട്ടി ഇൻഷുറൻസ് ഉണ്ടെങ്കിൽ ഇത് എന്തൊക്കെയാണ് ഉൾക്കൊള്ളുന്നത്?,"[""മറ്റൊരു വ്യക്തിയുടെ പരിക്ക്"", ""മറ്റൊരാളുടെ വസ്തു വകകൾക്കുള്ള നാശനഷ്ടങ്ങൾ"", ""മറ്റു വാഹനങ്ങൾ കൊണ്ടാകുന്ന കേടുപാടുകൾ"", ""മുകളിൽ പറഞ്ഞവ എല്ലാം""]",,3
562,കനത്ത മഴയ്ക്ക് ശേഷം നിങ്ങളുടെ വാഹനത്തിന്റെ സ്റ്റോപ്പിങ് ദൂരം വർധിക്കുന്നതിന്റെ പ്രധാന കാരണം എന്താണ്?,"[""നിങ്ങൾ വലിയ കുഴികൾ കാണാൻ കഴിയില്ല"", ""ബ്രേക്കുകൾ നനഞ്ഞതിനാൽ തെന്നിപ്പോകുന്നു"", ""നിങ്ങളുടെ ടയറുകൾക്ക് റോഡിൽ ഗ്രിപ്പ് കുറവാണ്"", ""സ്ക്രീനിലെ വെള്ളം നിങ്ങളുടെ മുന്നിലുള്ള റോഡിൻറെ കാഴ്ചയെ മറക്കുന്നു""]",,2
563,നിങ്ങളുടെ വാഹനം ലോഡ് ചെയ്യുമ്പോൾ ലോഡ് ...... ആകുമെന്ന് നിങ്ങൾ ഉറപ്പാക്കണം,"[""സുരക്ഷിതം"", ""അൺലോഡ് ചെയ്യാൻ എളുപ്പമാകും"", ""കേടുപാടുകൾ വരുത്തരുത്"", ""വാഹനത്തിന് കേടുപാടുകൾ വരുത്തരുത്""]",,0
564,ഒരു കാൽനടയാത്രക്കാരൻ റോഡിൽ വടിയുമായി നിൽക്കുന്നത് നിങ്ങൾ കാണുമ്പോൾ എന്താണ് നിങ്ങൾ മനസ്സിലാക്കേണ്ടത്?,"[""വികലാംഗൻ"", ""ബധിരൻ"", ""പ്രായമായവർ"", ""അന്ധൻ""]",,3
565,ഡ്രൈവിംഗ് സമയത്ത് നിങ്ങൾ റോഡ് പണി നടക്കുന്നതായും ഒരു താൽക്കാലിക പരമാവധി വേഗത പരിധി അടയാളം കാണുകയും ചെയ്താൽ നിങ്ങൾ ഇത് ചെയ്തിരിക്കണം?,"[""പ്രവർത്തി ദിവസങ്ങളിൽ അടയാളം പാലിക്കുക"", ""എല്ലാ സമയത്തും അടയാളം പാലിക്കുക"", ""പാതകൾ ഇടുങ്ങിയതാണെൽ അടയാളം പാലിക്കുക"", ""രാത്രി സമയങ്ങളിൽ അടയാളം പാലിക്കുക""]",,1
566,ഒരു ട്രെയിലർ കടന്നുപോകുന്നത് കാർ കടക്കുന്നതിനേക്കാൾ അപകട സാധ്യതയുള്ളത് എന്തുകൊണ്ട്?,"[""ട്രെയിലറുകളിൽ കാറിനേക്കാൾ നീളമുള്ളതുകൊണ്ട്"", ""ട്രെയിലറുകൾ പെട്ടെന്ന് സ്പീഡ് കൂടിയേക്കാം"", ""ട്രെയിലറുകളുടെ ബ്രേക്കുകൾ അത്തരം മികച്ചതല്ല"", ""ട്രെയിലറുകൾ കൂടുതൽ സാവധാനത്തിൽ കുന്നുകൾ കയറുന്നു""]",,0
567,വാഹനം സ്റ്റാർട്ട് ചെയ്യുന്നതിനു മുൻപ് ഡ്രൈവർ എന്തൊക്കെയാണ് പരിശോധിക്കേണ്ടത്?,"[""രജിസ്ട്രേഷൻ നമ്പർ കാണുന്നുണ്ടോ എന്ന് പരിശോധിക്കണം"", ""ടയറിന്റെ പ്രഷർ എന്നിവ ശരിയായ രീതിയിൽ ആണെന്ന്"", ""ഇന്ധനം കൂളന്റ് അല്ലെങ്കിൽ ഓയിൽ ചർച്ച എന്നിവ പരിശോധിക്കുക"", ""മുകളിൽ പറഞ്ഞവയെല്ലാം""]",,3
568,നാല് വീലുള്ള വാഹനം ഓടിക്കുമ്പോൾ നിയമവിരുദ്ധമായത് ഏതാണ്?,"[""എല്ലാ ലൈറ്റുകളുടെയും ഇൻഡിക്കേറ്റുകളുടേയും തെറ്റായ പ്രവർത്തനം"", ""സീഡ് ബെൽറ്റ് ഉപയോഗിക്കുന്നില്ല"", ""മുകളിൽ പറഞ്ഞ രണ്ടും"", ""മുകളിൽ കൊടുത്തിരിക്കുന്നതിൽ ഒന്നുമില്ല""]",,2
569,വാഹനം ഓടിക്കുമ്പോൾ താഴെപ്പറയുന്ന കാര്യങ്ങൾ എപ്പോഴും മനസ്സിൽ സൂക്ഷിക്കണം,"[""റോഡിൻറെ അവസ്ഥയും കാലാവസ്ഥയും"", ""വാഹനത്തിൻറെ തരവും ട്രാഫിക് അവസ്ഥയും"", ""നിങ്ങളുടെ സ്വന്തം കഴിവും"", ""മുകളിൽ പറഞ്ഞതെല്ലാം""]",,3
570,നിങ്ങളുടെ വാഹനത്തെ മറികടക്കുകയും മറ്റൊരു വാഹനം കടന്നുപോവുകയോ ചെയ്യുമ്പോൾ നിങ്ങൾ,...... ചെയ്യരുത്,"[""ഹാൻഡ് സിഗ്നൽ നൽകുന്നത്"", ""നിങ്ങളുടെ വാഹനത്തിന്റെ വേഗത കുറയ്ക്കുക"", ""ഹെഡ് ലൈറ്റ് ഉപയോഗിക്കുക"", ""നിങ്ങളുടെ വേഗത വർദ്ധിപ്പിക്കുക""]",,3
571,വാഹനത്തിൽ അമിതഭാരം ഇല്ലെന്ന് ഉറപ്പാക്കാൻ ആരാണ് ഉത്തരവാദി?,"[""യാത്രക്കാർ"", ""ലോഡ് കയറ്റുന്ന ആൾ"", ""വാഹനത്തിന്റെ ഡ്രൈവർ"", ""മുകളിൽ പറഞ്ഞതല്ല""]",,2
572,വലിയ വാഹനങ്ങൾ അമിതവേഗതയിൽ കടന്നുപോകുമ്പോൾ താഴെ പറയുന്ന ഏത് റോഡ് ഉപഭോക്താവിന് ആണ് അപകട സാധ്യതയുള്ളത്?,"[""സൈക്കിൾ യാത്രക്കാർ"", ""കാൽനട യാത്രക്കാർ"", ""ഇരു ചക്ര വാഹന യാത്രക്കാർ"", ""മുകളിൽ പറഞ്ഞത് എല്ലാം""]",,3
573,കനത്ത മഴയിൽ നിങ്ങൾ വാഹനം ഓടിക്കുമ്പോൾ നിങ്ങളുടെ സ്റ്റിയറിംഗ് പെട്ടെന്ന് മൃദുവായി അനുഭവപ്പെട്ടാൽ താഴെ പറയുന്നത് നിങ്ങൾ എന്ത് മുൻകരുതലാണ് എടുക്കേണ്ടത്?,"[""വാഹനം റോഡിൻറെ വശത്തേക്ക് ഓടിക്കുക"", ""വാഹനം മൃദുവായി ആക്സിലറേഷൻ ചെയ്യുക"", ""വേഗത കുറയ്ക്കാൻ ശക്തമായി ബ്രേക്ക് ചെയ്യുക"", ""വാഹനത്തിന്റെ ആക്സിലറേഷൻ നിർത്തുക""]",,3
574,നനഞ്ഞ റോഡിലൂടെ നിങ്ങൾ ഒരു വലിയ വാഹനത്തിൽ പിന്തുടരുമ്പോൾ മുന്നിലെ വാഹനത്തിൻറെ വെള്ളത്തിൻറെ സ്പ്രേ കാരണം നിങ്ങളുടെ കാഴ്ച മറക്കുന്നു എങ്കിൽ നിങ്ങൾ എന്ത് ചെയ്യണം?,"[""നിങ്ങൾക്ക് നന്നായി കാണാൻ കഴിയുന്നത് വരെ വാഹനം പുറകിലേക്ക് ആക്കുക"", ""വാഹനത്തിൻറെ ഹെഡ് ലൈറ്റുകൾ പൂർണ തെളിച്ചത്തിൽ ഇടുക"", ""വലിയ വാഹനത്തിലേക്ക് ചേർന്നു വാഹനം വെള്ളത്തിന്റെ സ്പ്രൈ അടിക്കാത്ത രൂപത്തിൽ ഓടിക്കുക"", ""വാഹനത്തിന്റെ വേഗത കൂട്ടുകയും വേഗത്തിൽ മറികടക്കുകയും ചെയ്യുക""]",,0
575,നിങ്ങൾ മൂടൽ മഞ്ഞിൽ വാഹനം ഓടിക്കുമ്പോൾ എന്തുകൊണ്ടാണ് നിങ്ങൾ മുന്നിലുള്ള വാഹനത്തിൽ നിന്ന് നന്നായി അകലം പാലിക്കേണ്ടത്?,"[""പെട്ടെന്ന് ദിശ മാറുന്ന സാഹചര്യത്തിൽ അപകടം ഉണ്ടാവാതിരിക്കാൻ"", ""ഫോഗ് ലൈറ്റ് ഇല്ലാത്ത സാഹചര്യത്തിൽ അപകടം ഉണ്ടാകാതിരിക്കാൻ"", ""പെട്ടെന്ന് നിർത്തുന്ന സാഹചര്യ ത്തിൽ അപകടം ഉണ്ടാകാതെ ഇരിക്കാൻ"", ""ബ്രേക്ക് ലൈറ്റുകൾ കത്തുന്ന സാഹചര്യത്തിൽ""]",,2
576,വായു മലിനീകരണം ദോഷം ഉണ്ടാക്കുന്നത്?,"[""മനുഷ്യർക്ക്"", ""സസ്യങ്ങൾക്ക്"", ""മൃഗങ്ങൾക്ക്"", ""മുകളിൽ പറഞ്ഞവ എല്ലാം""]",,3
577,വാഹനത്തിന്റെ വീലുകൾ ശരിയായി സന്തുലിതമല്ലെങ്കിൽ എന്ത് സംഭവിക്കും?,"[""വാഹനം വലത്തോട്ട് വലിച്ചു പോകും"", ""വാഹനം ഇടത്തോട്ട് വലിച്ചു കൊണ്ടുപോകും"", ""സ്റ്റിയറിംഗിൽ വൈബ്രേഷൻ ആകും"", ""മുകളിൽ പറഞ്ഞവ എല്ലാം""]",,2
578,എപ്പോഴാണ് ഒരു ഡ്രൈവർ തന്റെ ഡ്രൈവിംഗ് ലൈസൻസ് മറ്റൊരാൾക്ക് വായ്പയായി നൽകേണ്ടത്?,"[""ഡ്രൈവിംഗ് പഠിപ്പിക്കുന്ന സമയത്ത്"", ""ഒരു സമയത്തും"", ""ലൈസൻസ് ഇല്ലാത്ത ഒരു വ്യക്തിക്ക് ഇൻഷുറൻസ് ക്ലെയിം ചെയ്യുന്നതിന് വേണ്ടി"", ""ആ വ്യക്തിയെ അദ്ദേഹത്തിന് നന്നായി അറിയാമെങ്കിൽ""]",,1
579,നിങ്ങളുടെ വാഹനം ഒരു കാൽനടക്കാരനെ ഇടിക്കുകയാണ് എങ്കിൽ എന്ത് ചെയ്യണം?,"[""സ്വയം പരിചയപ്പെടുത്തിയതിന് ശേഷം പോവുക"", ""വ്യക്തിയെ സഹായിക്കുകയും ആംബുലൻസിനെ വിളിക്കുകയും ചെയ്യുക"", ""പരിക്കേറ്റ വ്യക്തിയെ സഹായിക്കുക സ്വയം പരിചയപ്പെടുത്തുക തുടർന്ന് പോലീസിൽ റിപ്പോർട്ട് ചെയ്യുക"", ""മുകളിൽ കൊടുത്തിരിക്കുന്നതിൽ ഒന്നും ഇല്ല""]",,2
580,സ്റ്റിക്കറുകളും പോസ്റ്ററുകളും മറ്റ് അനൗദ്യോഗിക ഇനങ്ങളും ഒരു ഓട്ടോമൊബൈലിന്റെ വിന്റ് ഷീൽഡിൽ സ്ഥാപിക്കാൻ പാടില്ല കാരണം?,"[""ഈ രീതിയിൽ പരസ്യം ചെയ്യുന്നത് നിയമവിരുദ്ധമാണ്"", ""അവ ഡ്രൈവറുടെ കാഴ്ചയെ തടസ്സപ്പെടുത്തുന്നു"", ""മറ്റു ഡ്രൈവർമാർക്ക് നിങ്ങളെ കാണാൻ കഴിയില്ല"", ""വൈപ്പറിന്റെ സുഖമായി പ്രവർത്തനത്തെ ബാധിക്കും""]",,1
581,ഡ്രൈവിംഗ് ലൈസൻസ് സസ്പെൻഡ് ചെയ്യപ്പെടുകയോ റദ്ദാക്കുകയോ ചെയ്ത വ്യക്തി ...,"[""അടിയന്തര സാഹചര്യത്തിൽ ഡ്രൈവ് ചെയ്യാം"", ""സാധുവായ ഒരു ഡ്രൈവിംഗ് ലൈസൻസ് ഉടമ കൂടെ ഉണ്ടെങ്കിൽ മാത്രം ഡ്രൈവ് ചെയ്യുക"", ""ഒരു സാഹചര്യത്തിലും വാഹനം ഓടിക്കാൻ അനുവദിക്കില്ല"", ""ഒരു കൂട്ടം തടയുന്നതിന് വേണ്ടി വാഹനമോടിക്കാം""]",,2
582,സാധുവായ ലൈസൻസില്ലാത്ത ഒരാൾക്ക് ഡ്രൈവിംഗിനായി മോട്ടോർ വാഹന വായ്പ നൽകുന്നത്....,"[""കടം വാങ്ങുന്നയാൾ മാത്രം ഉത്തരവാദിയായതിനാൽ കുറ്റമില്ല"", ""ഗുരുതരമായ കുറ്റം"", ""വാഹനം അപകടത്തിൽ പെട്ടാൽ മാത്രം കുറ്റം"", ""മുകളിൽ കൊടുത്തിരിക്കുന്നത് ഒന്നുമില്ല""]",,1
583,നിയമം അനുശാസിക്കുന്ന പരിധിക്ക് മുകളിലുള്ള മലിനീകരണം ഉള്ള വാഹനം ഓടിക്കുന്നത്.,"[""അടിയന്തരഘട്ടങ്ങളിൽ മാത്രമേ അനുവദിക്കൂ"", ""കുറ്റമാണ്"", ""അധികാരങ്ങളുടെ കർശന മുന്നറിയിപ്പിന് ബാധ്യസ്ഥരാണ്"", ""വാഹനം പതിയെ ഓടിക്കാം""]",,1
584,ഒരു മോട്ടോർ വാഹനത്തിൽ ബഹുസ്വരമുള്ള ഹോൺ കടിപ്പിക്കൽ .............,"[""അടിയന്തരഘട്ടങ്ങളിൽ മാത്രമേ അനുവദിക്കൂ"", ""ശബ്ദമലിനീകരണത്തിന് കാരണമാകുന്നതിനാൽ നിയമപ്രകാരം കുറ്റകരമാണ്"", ""അധികാരികളുടെ മുന്നറിയിപ്പിന് ബാധ്യസ്ഥനാണ്"", ""കുറ്റമല്ല""]",,1
585,പ്രഥമ ശുശ്രൂഷയുടെ ലക്ഷ്യം,"[""ജീവൻ രക്ഷിക്കാൻ"", ""ജീവൻ വീണ്ടെടുക്കൽ പ്രോത്സാഹിപ്പിക്കുന്നതിന്"", ""ഇരയുടെ അവസ്ഥ വഷളാകുന്നത് തടയാൻ"", ""മുകളിൽ പറഞ്ഞവ എല്ലാം""]",,3
586,മദ്യം പ്രതികൂലമായി ബാധിച്ചേക്കാം,"[""ജാഗ്രത കുറയ്ക്കുന്നു"", ""ഏകാഗ്രതയെ ബാധിക്കുന്നു"", ""തീരുമാനം എടുക്കുന്നത് നഷ്ടം"", ""മുകളിൽ പറഞ്ഞത് എല്ലാം""]",,3
587,വാഹനത്തിൻറെ വേഗത വർദ്ധിപ്പിക്കുന്നത് സ്റ്റോപ്പിങ് ഡിസ്റ്റൻസിന്റെ കാര്യത്തിൽ എന്ത് സ്വാധീനം ചെലുത്തുന്നു?,"[""സ്റ്റോപ്പിങ് ഡിസ്റ്റൻസ് വ്യത്യാസമില്ല"", ""വേഗത കൂടുന്നതോറും സ്റ്റോപ്പിങ് ഡിസ്റ്റൻസ് കുറയും"", ""വേഗത കൂടുന്തോറും സ്റ്റോപ്പിങ് ഡിസ്റ്റൻസ് കൂടും"", ""മുകളിൽ കൊടുത്തിരിക്കുന്നതിൽ ഒന്നുമില്ല""]",,2
588,വാഹനം സ്റ്റാർട്ട് ചെയ്യുമ്പോൾ താഴെ പ്പറയുന്നത് ഏതാണ് ചെയ്യേണ്ടത്?,"[""ഗിയർ നൂട്രൽ ആയിരിക്കണം"", ""പാർക്കിംഗ് ബ്രേക്ക് ഓണായിരിക്കണം"", ""ക്ലച്ച് പെഡൽ അമർത്തിയിരിക്കണം"", ""മുകളിൽ പറഞ്ഞത് എല്ലാം""]",,3
589,അമിതവേഗതിയിലുള്ള ഡ്രൈവിംഗ്.......?,"[""നിങ്ങൾക്ക് മികച്ച ഇന്ധന ശരാശരി നൽകുന്നു"", ""അപകടങ്ങളോട് പ്രതികരിക്കാൻ മതിയായ സമയം കിട്ടുന്നില്ല"", ""നിങ്ങളുടെ യാത്രയ്ക്ക് കുറച്ചു സമയം എടുക്കുന്നുള്ളൂ"", ""നിങ്ങളുടെ എൻജിൻ കേടുപാടുകൾ കുറയ്ക്കും""]",,1
590,ഹൈവേകളിൽ വാഹനം ഓടിക്കുമ്പോൾ ഉള്ള അടിസ്ഥാന നിയമം,"[""ട്രാഫിക് കുറവുള്ള പാത ഉപയോഗിക്കുക"", ""ഓവർടേക്ക് ചെയ്യുന്നില്ലെങ്കിൽ ഇടതു പാതയിലൂടെ വാഹനം ഓടിക്കുക"", ""ഏറ്റവും വ്യക്തമായ വശത്ത് കൂടി മറികടക്കുക"", ""തിരക്കു തടയാൻ മണിക്കൂറുകൾ 50 കിലോമീറ്റർ കൂടുതൽ നിലനിർത്താൻ ശ്രമിക്കുക""]",,1
591,വാഹനം മലിനീകരണത്തിന്റെ കാരണങ്ങൾ,"[""മോശം അറ്റകുറ്റപ്പണി"", ""വാഹനങ്ങളുടെ അമിത ഭാരം"", ""ഇടയ്ക്കിടെയുള്ള ഗതാഗതക്കുരുക്ക്"", ""മുകളിൽ പറഞ്ഞത് എല്ലാം""]",,3
592,ഇനി പറയുന്നവയിൽ ഏതാണ് വാഹനത്തിൻറെ സ്റ്റോപ്പ് ഡിസ്റ്റൻസ് ബാധിക്കുക,"[""വാഹനത്തിൻറെ വേഗത"", ""വാഹനത്തിന്റെ ടയറുകളുടെ അവസ്ഥ"", ""കാലാവസ്ഥ"", ""മുകളിൽ പറഞ്ഞത് എല്ലാം""]",,3
593,റോഡുകളിലെ തിരക്ക് കുറയ്ക്കാൻ നിങ്ങൾക്ക് എന്ത് ചെയ്യാൻ കഴിയും?,"[""യാത്രകൾക്കു പൊതു ഗതാഗതം കൂടുതലായി ഉപയോഗിക്കുക"", ""ആനാവശ്യ യാത്രകൾ ഒഴിവാക്കുക"", ""ചെറിയ യാത്രകൾക്ക് നടക്കുകയും സൈക്കിൾ ചവിട്ടിയോ ചെയ്യുക"", ""മുകളിൽ പറഞ്ഞത് എല്ലാം""]",,3
594,പരിസ്ഥിതി മലിനീകരണം തടയാൻ, എങ്ങനെ സഹായിക്കാൻ ആകും?,"[""നിങ്ങളുടെ വാഹനം ശരിയായി സർവീസ് ചെയ്യുക"", ""വാഹനങ്ങളുടെ ടയറുകൾ കൃത്യമായി അളവിൽ വായു നിറയ്ക്കുക"", ""താഴ്ന ഗിയറുകളിൽ അമിതമായി വാഹനമോടിക്കരുത്"", ""മുകളിൽ പറഞ്ഞത് എല്ലാം""]",,3
595,കൃത്യമായി സർവീസ് ചെയ്ത വാഹനം .... നൽകും,"[""കുറഞ്ഞ ഇൻഷുറൻസ് പ്രീമിയങ്ങൾ"", ""നിങ്ങളുടെ റോഡ് ടാക്സ് റീഫണ്ട്"", ""മികച്ച ഇന്ധന ക്ഷമതയും ശുദ്ധമായ എക്സ്ഹോസ്റ്റ് എമിഷനും"", ""മുകളിൽ കൊടുത്തിരിക്കുന്നതിൽ ഒന്നും അല്ല""]",,2
596,നിങ്ങളുടെ വാഹനത്തിൻറെ മുന്നിലേക്ക് ഒരു പന്ത് വരുന്നതായി നിങ്ങളുടെ ശ്രദ്ധയിൽപ്പെട്ടാൽ എന്താണ് ചെയ്യേണ്ടത്?,"[""അതേ വേഗത്തിൽ ഡ്രൈവിംഗ് തുടരുക നിങ്ങളുടെ ഹോൺ മുഴക്കുക"", ""അതേ വേഗത്തിൽ ഡ്രൈവിംഗ് തുടരുക നിങ്ങളുടെ ഹെഡ് ലൈറ്റുകൾ ഫ്ലാഷ് ചെയ്യുക"", ""വേഗത കുറയ്ക്കുക കുട്ടികൾക്കായി നിർത്താൻ തയ്യാറാക്കുക"", ""വാഹനം നിർത്തി കുട്ടികളോട് അവരുടെ പന്ത് കൊണ്ടുവരാൻ അവരെ കൈവീശി കാണിക്കുക""]",,2
597,‘L’ മാർക്കുള്ള ഡ്രൈവിംഗ് പഠിപ്പിക്കുന്ന വാഹനത്തിൽ മറികടക്കുമ്പോൾ ശ്രദ്ധിക്കുക കാരണം …,"[""അവരുടെ ഉദ്ദേശം എപ്പോഴും ഇടതുവശത്തെ ലൈനിൽ വാഹനം ഓടിക്കുക എന്നതാണ്"", ""ഇത് അവരുടെ ആത്മവിശ്വാസം കുറയ്ക്കും"", ""അവർ പരിഭ്രാന്തരാകുകയും അത് അപകടത്തിലേക്ക് നയിക്കുകയും ചെയ്തേക്കാം"", ""പൊതുവേ അവർ ആരോഗ്യപരമായി യോഗ്യമല്ല""]",,2
598,ബസ്റ്റോപ്പിൽ നിന്ന് സിഗ്നലോടുകൂടി പോകാൻ തയ്യാറാവുന്ന ഒരു ബസ്സിനെ നിങ്ങൾ സമീപിക്കുമ്പോൾ നിങ്ങൾ എന്താണ് ചെയ്യേണ്ടത്?,"[""അത് നീങ്ങുന്നതിനു മുൻപ് കടന്നു പോകുക"", ""സുരക്ഷിതമാണെങ്കിൽ ബസ്സിനെ കടന്നുപോകാൻ അനുവദിക്കുക"", ""നിങ്ങൾ സമീപിക്കുമ്പോൾ നിങ്ങളുടെ ഹെഡ് ലൈറ്റുകൾ ഫ്ലാഷ് ചെയ്യുക"", ""മുകളിൽ പറഞ്ഞവ എല്ലാം""]",,1
599,കുത്തനെ വെട്ടിക്കുന്ന ഒരു മോട്ടോർസൈക്കിളിൽ യാത്രക്കാരൻ നിങ്ങളെ മറികടന്നാൽ നിങ്ങൾ എന്ത് ചെയ്തിരിക്കണം?,"[""ഹോൺ മുഴക്കുക"", ""ദൃഢമായി ബ്രേക്ക് ചെയ്യുക"", ""സുരക്ഷിതമായ അകലം സൂക്ഷിക്കുക"", ""നിങ്ങളുടെ ലൈറ്റുകൾ ഫ്ലാഷ് ചെയ്യുക""]",,2
600,നിങ്ങളുടെ വാഹനം സിഗ്നൽ ഇല്ലാത്ത ഒരു കവലയിലേക്ക് പ്രവേശിക്കുന്നു നിങ്ങളുടെ കാറിനു മുന്നിൽ ആളുകൾ ക്രോസ് ചെയ്യുന്നുണ്ടെങ്കിൽ നിങ്ങൾ എന്താണ് ചെയ്യേണ്ടത്?,"[""വേഗത കുറയ്ക്കാതെ ഡ്രൈവിംഗ് തുടരുക"", ""വേഗത കുറയ്ക്കുക ശ്രദ്ധിക്കുക"", ""നിർത്തി കാൽനടക്കാരെ കടത്തിവിടുക"", ""ഹോൺ മുഴക്കുക""]",,2
601,നിങ്ങൾ ഒരു “U” ടേൺ എടുക്കാൻ ആഗ്രഹിക്കുന്നു ട്രാഫിക് ലൈറ്റിനാൽ നിയന്ത്രിക്കപ്പെടുന്ന കവലയിൽ ഒരു പോലീസുകാരൻ ഉണ്ടെങ്കിൽ, നിങ്ങൾ എന്താണ് ചെയ്യേണ്ടത്?,"[""ട്രാഫിക് ലൈറ്റ് ഇല്ലാത്ത മറ്റൊരു കവലയിലേക്ക് ഡ്രൈവ് ചെയ്യുക"", ""ട്രാഫിക് ലൈറ്റ് പച്ച ആകുന്നതുവരെ” U” ടെർണിന് കാത്തിരിക്കുക"", ""കവലയിൽ ഒരു പോലീസുകാരൻ ഉണ്ടെങ്കിൽ “U” ടേൺ എടുക്കാം (നിർദ്ദേശപ്രകാരം)"", ""“U” ടേൺ ചെയ്യുന്നത് ഒഴിവാക്കുക""]",,2
602,നിങ്ങൾ ഒരു കവലയിലേക്ക് പ്രവേശിക്കുമ്പോൾ, നിങ്ങളുടെ ഇടത്തും വലത്തും ഗതാഗതം പരിശോധിക്കേണ്ടത് എപ്പോൾ?,"[""കവലയിൽ പ്രവേശിക്കുന്നതിനു മുൻപ് എല്ലാ സമയത്തും"", ""തിരക്ക് കൂടിയപ്പോൾ മാത്രം"", ""നിങ്ങൾ ഒരു സ്റ്റോപ്പ് ചിഹ്നത്തെ സമീപിക്കുമ്പോൾ മാത്രം"", ""നിങ്ങൾ ഒരു ഹൈവേയിൽ ആകുമ്പോൾ""]",,0
603,നിങ്ങൾ ഒരു വളവിലൂടെ വാഹനം ഓടിക്കുമ്പോൾ മുന്നിൽ കുറച്ച് അയഞ്ഞ ചരൽ കല്ലുകൾ കാണുന്നു. ഈ സന്ദർഭത്തിൽ എന്താണ് ചെയ്യേണ്ടത്?,"[""കണ്ണാടികൾ പരിശോധിച്ചു പാത മാറ്റുക"", ""വേഗത്തിലാക്കി ചരലിനു മുകളിലൂടെ കഴിയുന്നത്ര വേഗത്തിൽ ഓടിക്കുക"", ""വേഗത കുറച്ചു മുന്നോട്ടു പോവുക"", ""വാഹനം നിർത്തുക""]",,2
604,നിങ്ങൾ മുന്നിലുള്ള കാറിനെ മറികടക്കാൻ തുടങ്ങുമ്പോൾ, അതിൻറെ വലത് സിഗ്നൽ മിന്നുന്നതായി കണ്ടാൽ നിങ്ങൾ എന്ത് ചെയ്യണം?,"[""വാഹനം കൂട്ടി എത്രയും പെട്ടെന്ന് മറികടക്കാൻ ശ്രമിക്കുക"", ""ഉടനെ ബ്രേക്ക് ചവിട്ടി വാഹനം നിർത്തുക"", ""നിങ്ങളുടെ ഹെഡ് ലൈറ്റുകൾ ഫ്ലാഷ് ചെയ്തു വേഗത്തിലാക്കുക"", ""നിങ്ങളുടെ കണ്ണാടി പരിശോധിച്ചു കാറിന്റെ പുറകിലേക്ക് നീങ്ങുക""]",,3
605,റോഡിൻറെ മധ്യഭാഗത്തുള്ള തുടർച്ചയായ മഞ്ഞയോ വെള്ളയോ ആയ വര, നിങ്ങൾക്ക് ഏത് സാഹചര്യത്തിൽ മുറിച്ചുകടക്കാൻ കഴിയും?,"[""നിങ്ങൾക്ക് സുരക്ഷിതമാണെന്ന് തോന്നുമ്പോൾ എല്ലാം അങ്ങനെ ചെയ്യുക"", ""എതിർദിശയിൽ നിന്ന് വാഹന ഗതാഗതം ഇല്ലാത്തപ്പോൾ"", ""ഒരു സാഹചര്യത്തിലും"", ""കഴിയുമെങ്കിൽ ഒഴിവാക്കുക""]",,3
606,റോഡിൻറെ നടുവിലുള്ള തുടർച്ചയായ രണ്ട് മഞ്ഞവരകൾ എന്ത് സൂചിപ്പിക്കുന്നു?,"[""ഓവർടേക്ക് അനുവദിച്ചിരിക്കുന്നു"", ""ഓവർടേക്ക് അനുവദനീയമല്ല"", ""ഓവർട്ടേക്കിങ്ങും വലത്തേക്ക് തിരിയുന്നതും രണ്ടും അനുവദനീയമല്ല"", ""ഓവർടേക്ക് അനുവദനീയമല്ല പക്ഷേ വലത്തേക്ക് തിരിയാൻ അനുവാദം ഉണ്ട്""]",,2
607,ട്രാഫിക് സിഗ്നൽ നിയന്ത്രിക്കുന്ന ഒരു കാൽനട ക്ലോസിങ്ങിന് സമീപങ്ങൾ നിങ്ങൾക്കായി സിഗ്നൽ പച്ചയായി മാറി എന്നാൽ കാൽനടയാത്രക്കാർ ഇപ്പോഴും കടന്നുപോകുന്നുണ്ടെങ്കിൽ എന്ത് ചെയ്യണം,"[""വേഗത കുറയ്ക്കുക കാൽനടയാത്രക്കാർക്കു വഴി നൽകുക"", ""സിഗ്നൽ നിങ്ങൾക്ക് അനുകൂലമായതിനാൽ വേഗത കൂട്ടുക"", ""വേഗത കൂട്ടുക എന്നാൽ കാൽനടയാത്രക്കാരെ ശ്രദ്ധിക്കുക"", ""ഹെഡ് ലൈറ്റ് ഫ്ലാഷ് ചെയ്ത് യാത്രക്കാർക്ക് മുന്നറിയിപ്പ് നിർത്തി പോകുക""]",,0
608,ഇൻറർ സെക്ഷനിൽ മിന്നുന്ന ചുവന്ന ലൈറ്റ് എന്താണ് അർത്ഥമാക്കുന്നത്?,"[""നിങ്ങൾ വേഗത കുറയ്ക്കുകയും കൂടുതൽ ജാഗ്രതയോടെ ഡ്രൈവ് ചെയ്യുകയും വേണം"", ""നിങ്ങൾ വേഗത കുറയ്ക്കുകയും ഇടത്തോട്ട് വലത്തോട്ടോ വരുന്ന വാഹനങ്ങൾക്ക് ശരിയായ വഴി നൽകുകയും വേണം"", ""സിഗ്നൽ ലൈറ്റ് പ്രവർത്തിക്കുന്നില്ല ആയതിനാൽ നിങ്ങൾ ജാഗ്രതയോടെ മുന്നോട്ടുപോകണം"", ""വാഹനങ്ങൾ നിർത്തി മുൻഗണനാക്രമത്തിൽ വാഹനങ്ങൾക്ക് വഴി നൽകണം വഴിയിൽ തടസ്സം ഇല്ലെങ്കിൽ മാത്രം മുന്നോട്ടു പോകണം""]",,3
609,നിങ്ങൾ ഒരു കവലയെ സമീപിക്കുമ്പോൾ പച്ച സിഗ്നൽ മാറി ആംബർ ലൈറ്റ് തെളിഞ്ഞിരിക്കുന്നു നിങ്ങൾ എന്തു ചെയ്യണം?,"[""വേഗം കടന്നുപോവുക"", ""ബ്രേക്ക് ചവിട്ടി സാവധാനം ക്രോസ് ചെയ്യുക"", ""നിങ്ങൾ സ്റ്റോപ്പ് ലൈൻ മറച്ചു കടക്കുകയാണെങ്കിലോ നിങ്ങൾക്ക് സുരക്ഷിതമായി നിർത്താൻ കഴിയാത്ത വിധം അതിനോട് അടുത്താണെങ്കിലോ ജാഗ്രതയോടെ മുന്നോട്ട് പോവുക"", ""പോലീസുകാരൻ ഇല്ലെങ്കിൽ ക്രോസ് ചെയ്യുക അല്ലെങ്കിൽ നിർത്തുക""]",,2
610,നിങ്ങൾ ഒരു കവലയിലെ സ്റ്റോപ്പ് ലൈനിലേക്ക് അടുക്കുമ്പോൾ ട്രാഫിക് ലൈറ്റ് ആംബർ ആയിരിക്കുന്നു എന്നാൽ നിങ്ങൾ എന്തു ചെയ്യണം?,"[""പോകാൻ തയ്യാറാവുക"", ""വഴി തടസ്സം ഇല്ലെങ്കിൽ പോവുക"", ""കാൽനടക്കാർ കടന്നു പോകുന്നില്ലെങ്കിൽ പോവുക"", ""സ്റ്റോപ്പ് ലൈനിന് മുൻപു നിർത്താൻ തയ്യാറാകൂ""]",,3
611,ഡ്രൈവ് ചെയ്യുമ്പോൾ നിങ്ങൾ വാഹനം നിർത്താൻ തീരുമാനിച്ചാൽ എങ്ങനെയാണ് ഹാൻഡ് സിഗ്നൽ നൽകേണ്ടത്?,"[""വലതു കൈപ്പത്തി താഴേക്കായി വാഹനത്തിൻറെ വലതുവശത്തേക്ക് നീട്ടി പലതവണ മുകളിലേക്കും താഴേക്കും ചലിപ്പിക്കുക"", ""വലതുകൈ നീട്ടി കൈമുട്ട് വലത് കോണിൽ വളച്ച് കൈപ്പത്തി മുന്നിലേക്ക് തിരിക്കുക"", ""വലതു കൈ നീട്ടി വൃത്താകൃതിയിൽ കറക്കുക"", ""മുകളിൽ കൊടുത്തിരിക്കുന്നത് ഒന്നുമല്ല (വലതു കൈ ലംബമായി ഉയർത്തി പിടിക്കുക)""]",,1
612,മിന്നുന്ന ആംബർ ട്രാഫിക് ലൈറ്റ് ഉള്ള ഒരു കവലയിലേക്ക് പ്രവേശിക്കുമ്പോൾ എന്ത് മുൻകരുതലാണ് സ്വീകരിക്കേണ്ടത്?,"[""വേഗത കുറയ്ക്കുക ജാഗ്രതയോടെ തുടരുക"", ""സാധ്യമാണെങ്കിൽ സുരക്ഷിതമായി നിർത്തുക"", ""അതേ വേഗതയിൽ തുടരുക"", ""സിഗ്നൽ കടന്നു തിരക്കിട്ട് പോവുക""]",,0
613,നിങ്ങളുടെ വാഹനം റോഡിലേക്ക് തിരിയുന്നതിനു മുൻപ് നിങ്ങൾ എന്ത് ചെയ്യണം?,"[""മറ്റു റോഡ് ഉപഭോക്താക്കൾക്കായി ചുറ്റും പരിശോധിക്കുക"", ""സാധ്യമാണെങ്കിൽ വേറൊരു പാത ഉപയോഗിക്കു"", ""നിങ്ങളുടെ കൈ മുഴുവൻ നിങ്ങളുടെ ഹാൻഡ്ബ്രേക്കിൽ വയ്ക്കുക"", ""നിങ്ങളുടെ ഹെഡ് ലൈറ്റുകൾ ഓൺ ആക്കുക""]",,0
614,നിർത്തുന്നതിനുമുൻപ് ഇനി പറയുന്നതിൽ ഏതാണ് നിങ്ങൾ ചെയ്യേണ്ടത്?,"[""ഹോൺ മുഴക്കുക"", ""കണ്ണാടികൾ ഉപയോഗിക്കുക"", ""ഉയർന്ന ഗിയർ തെരഞ്ഞെടുക്കുക"", ""നിങ്ങളുടെ ഹെഡ് ലൈറ്റുകൾ ഫ്ലാഷ് ചെയ്യുക""]",,1
615,പാർക്ക് ചെയ്തിരിക്കുന്ന കാറിന്റെ പുറകിൽ നിന്ന് റോഡിലേക്ക് നീങ്ങുമ്പോൾ നിങ്ങൾ എന്ത് ചെയ്യണം?,"[""നിങ്ങൾ പോകുന്നതിനു മുൻപ് ചുറ്റും നോക്കുക"", ""വാഹനത്തിലെ എല്ലാ കണ്ണാടികളും നോക്കുക"", ""ഒരു സിഗ്നൽ നൽകുക"", ""മുകളിൽ പറഞ്ഞതെല്ലാം""]",,3
616,മിന്നുന്ന മൾട്ടി കളർ ലൈറ്റ് കാണിക്കുന്ന ആംബുലൻസ് പിന്തുടരുമ്പോൾ നിങ്ങൾ എന്ത് ചെയ്യണം?,"[""സുരക്ഷിതമായി നിർത്തി കഴിയുന്നത്ര വേഗം വാഹനത്തെ കടത്തിവിടുക"", ""വേഗത വർദ്ധിപ്പിച്ചു കഴിയുന്നത്ര വേഗത്തിൽ ഓടിക്കുക"", ""നിങ്ങളുടെ വേഗതയും ഗതിയും നിലനിർത്തുക"", ""കഠിനമായി ബ്രേക്ക് ചെയ്തു ഉടൻ റോഡിൽ നിർത്തുക""]",,0
617,ഈ സ്ഥലങ്ങളിൽ ഏതാണ് നിങ്ങൾ പാർക്ക് ചെയ്യാനോ കാത്തിരിക്കാനോ പാടില്ലാത്തത്?,"[""ഒരു ബസ്റ്റോപ്പിൽ"", ""ഒരു ട്രാഫിക് ഐലൻഡിന്റെ എതിർവശത്ത്"", ""മറ്റൊരാളുടെ ഗേറ്റിന് മുമ്പിൽ"", ""മുകളിൽ പറഞ്ഞവയെല്ലാം""]",,3
618,ഇവയിൽ ഏതു സ്ഥലത്താണ് നിങ്ങൾ പാർക്ക് ചെയ്യാൻ പാടില്ലാത്തത്?,"[""ഒരു സ്കൂൾ പ്രവേശന കവാടത്തിന് സമീപം"", ""ഒരു പോലീസ് സ്റ്റേഷന് സമീപം"", ""ഒരു സൈഡ് റോഡിൽ"", ""മുകളിൽ പറഞ്ഞവ എല്ലാം""]",,3
619,വാഹനം പുറകോട്ട് എടുക്കാൻ പാടില്ലാത്ത സ്ഥലം ഏത്?,"[""തിരക്കേറിയ റോഡിൽ"", ""വൺവേ റോഡ്"", ""ഒരു റൗണ്ട് എബോട്ടിൽ"", ""മുകളിൽ പറഞ്ഞത് എല്ലാം""]",,3
620,നിങ്ങളുടെ വാഹനം റിവേഴ്സ് ചെയ്യുന്നത് സുരക്ഷിതമാണെന്ന് ഉറപ്പില്ലെങ്കിൽ നിങ്ങൾ എന്തു ചെയ്യണം?,"[""ഹോൺ മുഴക്കുക"", ""നിങ്ങളുടെ എഞ്ചിൻ ഇരപ്പിക്കുക"", ""പുറത്തിറങ്ങി പരിശോധിക്കുക"", ""പതുക്കെ റിവേഴ്സ് ചെയ്യുക""]",,2
621,എപ്പോഴാണ് നിങ്ങൾക്ക് ഒരു സൈഡ് റോഡിൽ നിന്ന് ഒരു പ്രധാന റോഡിലേക്ക് തിരിയാൻ കഴിയുക?,"[""രണ്ട് റോഡുകളിലും ഗതാഗത തിരക്കില്ലെങ്കിൽ മാത്രം"", ""ഒരു സമയത്തും അനുവദിക്കില്ല"", ""ഏത് സമയത്തും"", ""പ്രധാന റോഡിലെ തിരക്ക് ഒഴിഞ്ഞാൽ മാത്രം""]",,0
622,ട്രാഫിക് ലൈറ്റുകൾ പ്രവർത്തനരഹിതമാകുമ്പോൾ നിങ്ങൾ എന്തു മുൻകരുതൽ എടുക്കണം?,"[""പതുക്കെ നീങ്ങുക"", ""നിർത്തിയതിനുശേഷം വലത്തോട്ടും ഇടത്തോട്ടും നോക്കി ജാഗ്രതയോടെ മുന്നോട്ട് പോവുക"", ""മുൻകരുതൽ ആവശ്യമില്ല"", ""ഒരേ വേഗതയിൽ നീങ്ങുക""]",,1
623,റോഡ് പണികൾ നടക്കുന്ന സ്ഥലത്തേക്ക് സമീപിക്കുമ്പോൾ താഴെ പറയുന്നവർ ചെയ്യാൻ പാടില്ലാത്തത് ഏത്?,"[""മറികടക്കാൻ ആരംഭിക്കുക വേഗത വർദ്ധിപ്പിക്കുക"", ""നിങ്ങളുടെ ഹെഡ് ലൈറ്റുകൾ ഫ്ലാഷ് ചെയ്യുക"", ""എന്തെങ്കിലും സിഗ്നലുകൾ നൽകുക"", ""കൊടുത്തിരിക്കുന്നത് ഒന്നുമല്ല""]",,0
624,മറ്റു വാഹനങ്ങളിൽ വളരെ അടുത്ത പിന്തുടരാതിരിക്കാൻ ഉള്ള ഏറ്റവും നല്ല കാരണം ഏതാണ്?,"[""എക്സോസ്റ്റ് പുക ഒഴിവാക്കാൻ"", ""മുന്നിൽ വാഹനത്തിൻറെ ടയറിൽ നിന്ന് ചെളി തെറിക്കാതിരിക്കാൻ"", ""ഗതാഗത സാഹചര്യങ്ങളുടെ കാഴ്ച വർധിപ്പിക്കാനും പെട്ടെന്ന് നിർത്തിയാൽ മുന്നിലെ വാഹനങ്ങളിൽ ഇടിക്കാതിരിക്കാൻ"", ""നിങ്ങളുടെ വാഹനത്തിൻറെ പ്രവർത്തനത്തിൽ കുറഞ്ഞ ശ്രദ്ധ ആവശ്യമായതിനാൽ""]",,2
625,ഒരു സിഗ്നൽ രണ്ടുവരി ഗതാഗതം നിർത്തി ഇരിക്കുന്നിടത്ത് പിന്നിൽ നിന്ന് സമീപിക്കുമ്പോൾ നിങ്ങൾ എന്താണ് ചെയ്യേണ്ടത്?,"[""എല്ലാ വാഹനങ്ങളും മറികടന്ന് അവരുടെ മുന്നിൽ കൊണ്ടുപോയി നിർത്തുക"", ""രണ്ടു വരികൾ ആയി നിൽക്കുന്ന എല്ലാ വാഹനങ്ങളും ഇടയിലൂടെ കടന്നുപോവുക"", ""ഉചിതമായ പാതയിൽ അവസാനവാഹനത്തിന് പിന്നിൽ നിർത്തുക"", ""എവിടെയെങ്കിലും നിർത്തുക""]",,2
626,ഒരു ഫ്രീ വേയിൽ നിങ്ങളുടെ എക്സ്റ്റിൽ തിരിയാൻ കഴിയാതെ മുന്നോട്ടു പോയാൽ നിങ്ങൾ എന്ത് ചെയ്യണം?,"[""അടുത്ത ഉചിതമായ എക്സിറ്റിൽ എത്തുന്നതുവരെ തുടരുക"", ""വാഹനം നിർത്തി എക്സിറ്റിലേക്ക് റിവേഴ്സ് എടുക്കുക"", ""ഉടനെ നിർത്തി റിട്ടേൺ തിരിയുക"", ""റിയർ വ്യൂ മീറ്റർ നോക്കി റിവേഴ്സ് ചെയ്യുക""]",,0
627,ധാരാളം കാൽനടയാത്രക്കാർ ഉള്ള ഒരു പ്രദേശത്ത് (ഉദാഹരണം ബസ്റ്റോപ്പ്) വാഹനം ഓടിക്കുമ്പോൾ എന്താണ് പ്രധാനമായി ശ്രദ്ധിക്കേണ്ടത്?,"[""നിങ്ങളുടെ ഹോൺ ആവർത്തിച്ചു മുഴക്കുക"", ""ഹൈ ബീമിൽ നിങ്ങളുടെ ഹെഡ് ലൈറ്റുകൾ ഇടുക അതുവഴി അവർക്ക് നിങ്ങളെ നന്നായി കാണാൻ കഴിയും"", ""അവരെ ഇടിക്കുന്നത് ഒഴിവാക്കാൻ നിങ്ങളുടെ വേഗത വർദ്ധിപ്പിക്കുക"", ""വേഗത കുറയ്ക്കുകയും അവർ റോഡിലേക്ക് പ്രവേശിക്കുന്നുണ്ടോ എന്ന് പരിശോധിച്ചു മുന്നോട്ടുപോവുക""]",,3
628,നിങ്ങളുടെ മുൻപിൽ ഒരു വാഹനം ഒരു കാൽനട ക്രോസിംഗിൽ നിർത്തി എന്നാൽ നിങ്ങൾ എന്തു ചെയ്യണം?,"[""വാഹനത്തെ മറികടക്കാൻ പാടില്ല"", ""ക്രോസിംഗിൽ യാത്രക്കാർ ഇല്ലെങ്കിൽ വാഹനത്തെ മറികടക്കാം"", ""മറ്റു വാഹനങ്ങൾ ഒന്നും വരുന്നില്ലെങ്കിൽ വാഹനത്തെ മറികടക്കാം"", ""നിങ്ങളുടെ ഫോൺ ആവർത്തിച്ചു മുഴക്കുക""]",,0
629,ഇടതുവശത്തുള്ള റോഡിലേക്ക് തിരിയണമെങ്കിൽ നിങ്ങൾ ഡ്രൈവ് ചെയ്യേണ്ടത്......,"[""റോഡിൻറെ ഇടതുവശത്ത് കഴിയുന്നത്ര അടുത്ത്"", ""റോഡിൻറെ വലതുവശത്ത് കഴിയുന്നത്ര അടുത്ത്"", ""വാഹനം എളുപ്പത്തിൽ തിരിയാൻ റോഡിൻറെ മധ്യഭാഗത്ത്"", ""സൗകര്യത്തിനനുസരിച്ച് റോഡിൻറെ വലത്തോട്ടോ ഇടത്തോട്ടോ""]",,0
630,വലതുവശത്തേക്കുള്ള റോഡിലേക്ക് തിരിയണമെങ്കിൽ നിങ്ങൾ ഡ്രൈവ് ചെയ്യേണ്ടത്....,"[""വലതുവശത്തെ സിഗ്നൽ ഇൻഡിക്കേറ്റ്നോടൊപ്പം"", ""നിങ്ങൾ സഞ്ചരിക്കുന്ന റോഡിൻറെ മധ്യഭാഗത്തോട് ചേർന്ന്"", ""നിങ്ങൾ പ്രവേശിക്കുന്ന റോഡിൻറെ ഇടതുവശത്ത് എത്രയും അടുത്ത് എത്തിച്ചേരുക"", ""മുകളിൽ പറഞ്ഞവ എല്ലാം""]",,1
631,താഴെപ്പറയുന്ന ഏത് സാഹചര്യത്തിലാണ് ഓവർടേക്ക് ചെയ്യുന്നത് നിരോധിച്ചിരിക്കുന്നത്?,"[""ഓവർടേക്ക് ചെയ്യുന്നത് ഏതെങ്കിലും നിശ്ചയിക്കുന്ന മറ്റു ഗതാഗതത്തിന് അസൗകര്യമോ അപകടവും ഉണ്ടാക്കാൻ സാധ്യതയുണ്ടെങ്കിൽ"", ""വാഹനം ഒരു വളവിലോ കുന്നിലോ സമീപിക്കുകയാണെങ്കിൽ മുന്നിലുള്ള റോഡ് വ്യക്തമായി കാണാനില്ലാത്ത സാഹചര്യത്തിൽ"", ""നിങ്ങളുടെ മുന്നിലുള്ള വാഹനത്തിന്റെ ഡ്രൈവർ നിങ്ങൾക്ക് അയാളെ മറികടക്കാൻ കഴിയുമെന്ന് സൂചന നൽകിയില്ലെങ്കിൽ"", ""മുകളിൽ പറഞ്ഞവ എല്ലാം""]",,3
632,നിങ്ങൾ വാഹനത്തിൻറെ വേഗത കുറയ്ക്കണം….,"[""ഒരു റോഡ് ഇൻറർ സെക്ഷൻ സമീപിക്കുമ്പോൾ"", ""ഒരു റോഡ് ജംഗ്ഷനെ സമീപിക്കുമ്പോൾ"", ""ഒരു കാൽനട ക്രോസിംഗിനെ സമീപിക്കുമ്പോൾ"", ""മുകളിൽ പറഞ്ഞതെല്ലാം""]",,3
633,നിങ്ങൾ ഇടത്തേക്ക് തിരിയാൻ പോവുകയാണെങ്കിൽ നിങ്ങൾ നൽകേണ്ട ഹാൻഡ് സിഗ്നൽ ഏതാണ്?,"[""വലതു കൈപ്പത്തി താഴേക്കായി വാഹനത്തിൻറെ വലതുവശത്തേക്ക് നീട്ടി പലതവണ മുകളിലേക്കും താഴേക്കും ചലിപ്പിക്കുക"", ""വലതു മുൻകൈ ലംബമായി വാഹനത്തിൻറെ വലതു വശത്തേക്ക് പുറത്തേക്ക് നീട്ടി കൈപ്പത്തി മുന്നിലേക്ക് ഉയർത്തുക"", ""വലതുവശത്തേക്ക് വലതു കൈ നീട്ടി ആന്റി ക്ലോക്ക് ദിശയിൽ തിരിക്കുക"", ""കൈപ്പത്തി മുന്നിലേക്ക് തിരിച്ച് വാഹനത്തിൻറെ വലതു വശത്തേക്ക് തിരശ്ചീനമായി വലതു കൈ നീട്ടുക""]",,2
634,ഇനി പറയുന്നവയിൽ ഏതൊക്കെ സ്ഥലങ്ങളിൽ നിങ്ങളുടെ വാഹനം പാർക്ക് ചെയ്യാം,"[""ട്രാഫിക് ലൈറ്റിന് സമീപം"", ""ക്രോസിംഗിന് സമീപം"", ""വലിയ തിരക്കുള്ള പ്രധാന റോഡിൽ"", ""ഇവയൊന്നുമല്ല""]",,3
635,രാത്രിയിൽ നിങ്ങളൊരു ഇടുങ്ങിയ റോഡിലൂടെ വാഹനം ഓടിക്കുമ്പോൾ മുന്നിൽ കുറച്ച് സമയമായി വലത്തോട്ട് തിരിയുന്ന സിഗ്നൽ നൽകി മെല്ലെ നീങ്ങുന്ന ഒരു വാഹനം പോകുന്നു. നിങ്ങൾ എന്താണ് ചെയ്യേണ്ടത്?,"[""ഇടതുവശത്തുകൂടി മറികടക്കുക"", ""ഓവർടേക്ക് ചെയ്യുന്നതിന് മുൻപ് നിങ്ങളുടെ ഹെഡ് ലൈറ്റുകൾ ഫ്ലാഷ് ചെയ്യുക"", ""വലതുവശത്തേക്ക് നിർത്തി നിങ്ങളുടെ ഹോൺ മുഴക്കുക"", ""ഓവർടേക്ക് ചെയ്യുന്നതിനുമുമ്പ് സിഗ്നൽ റദ്ദാക്കുന്നത് വരെ കാത്തിരിക്കുക""]",,3
636,എപ്പോഴാണ് നിങ്ങൾ എൻജിൻ ഓഫ് ചെയ്യാതെ നിങ്ങളുടെ വാഹനം ഒരു റോഡിൽ പാർക്ക് ചെയ്യാൻ അനുവാദം ഉള്ളത്?,"[""നിങ്ങളുടെ വാഹനം 5 മിനിറ്റ് താഴെ പാർക്ക് ചെയ്താൽ"", ""ബാറ്ററി മോശമാണെങ്കിൽ"", ""20 kmph സോണിൽ ആയിരിക്കുമ്പോൾ"", ""ഒരു അവസരത്തിലും പറ്റില്ല""]",,3
637,ഒരു കുന്നിൽ നിന്ന് താഴേക്ക് വാഹനം ഓടിക്കുമ്പോൾ …..,"[""മികച്ച പ്രകടനത്തിന് ടോപ്പ് ഗിയർ ഉപയോഗിക്കുക"", ""എൻജിൻ ശബ്ദം കുറയ്ക്കാൻ നൂട്രൽ ഗിയർ ഉപയോഗിക്കുക"", ""മുകളിലേക്ക് ഡ്രൈവ് ചെയ്യുന്ന അതേ ഗിയർ സെലക്ഷൻ ഉപയോഗിക്കുക"", ""ഇന്ധനം ലാഭിക്കാൻ എൻജിൻ ഓഫാക്കി വാഹനമോടിക്കുക""]",,2
638,കുത്തനെ ഉള്ള വളവിൽ ശാക്തമായി ബ്രേക്ക് ചെയ്യുന്നത് നിങ്ങളുടെ വാഹനത്തെ..... ആക്കും?,"[""കൂടുതൽ സ്ഥിരതയുള്ള"", ""അസ്ഥിരമായ (Unstable)"", ""സ്റ്റാൾ"", ""സുരക്ഷിതമായി വളവ് വളയാം""]",,1
639,നിങ്ങളുടെ ട്രാഫിക് സിഗ്നൽ നിങ്ങൾക്ക് വ്യക്തമായ ഒരു വഴി നൽകിയാലും നിങ്ങൾ ചെയ്യേണ്ടത്...,"[""നിർത്താൻ തയ്യാറാകുക"", ""നിങ്ങളുടെ ഹോൺ ആവർത്തിച്ചു മുഴക്കുക"", ""ട്രാഫിക് സിഗ്നലുകൾ പാലിക്കാത്ത ഡ്രൈവർമാരെ ശ്രദ്ധിക്കുക"", ""മൂടൽമഞ്ഞുള്ള അവസ്ഥയിൽ പോകരുത്""]",,2
640,റോഡിൽ നിങ്ങളുടെ വശത്ത് ഒരു തടസ്സം ഉണ്ടെങ്കിൽ നിങ്ങൾ എന്തു ചെയ്യണം?,"[""തുടരുക, നിങ്ങൾക്ക് മുൻഗണനയുണ്ട്"", ""എതിരെ വരുന്ന വാഹനങ്ങൾ കൈ കാണിച്ചുകൊണ്ട് പോകണം"", ""വരുന്ന ട്രാഫിക്കിന് മുൻഗണന നൽകുക"", ""ആദ്യം കടന്നുപോകാൻ വേഗത വർദ്ധിപ്പിക്കുക""]",,2
641,ഹമ്പുകൾ ഉള്ള ഒരു റോഡിലേക്ക് നിങ്ങൾ പ്രവേശിക്കുമ്പോൾ എന്താണ് ചെയ്യേണ്ടത്?,"[""ഉടനീളം കുറഞ്ഞ വേഗത നിലനിർത്തുക"", ""ഓരോന്നിനും ഇടയിൽ വേഗത്തിൽ വർദ്ധിപ്പിക്കുക"", ""എല്ലായിപ്പോഴും പരമാവധി നിയമ വേഗത നിലനിർത്തുക"", ""സ്കൂൾ സമയങ്ങളിൽ മാത്രം സാവധാനം ഡ്രൈവ് ചെയ്യുക""]",,0
642,‘യു’ ടേണിന് ഉപയോഗിക്കുന്ന ഹാൻഡ് സിഗ്നൽ ഏതാണ്?,"[""ഇടത്തോട്ട് തിരിയേണ്ട സിഗ്നൽ"", ""സ്ലോ ഡൗൺ സിഗ്നൽ"", ""വലത്തേക്ക് തിരിയാനുള്ള സിഗ്നൽ"", ""യൂ ടേൺ സിഗ്നൽ""]",,2
643,കാൽനടയാത്രക്കാർ വാഹനത്തിൻറെ പുറകിൽ നിന്നോ വളവിന് സമീപത്തു നിന്നോ റോഡ് മുറിച്ച് കടക്കരുത് കാരണം?,"[""റോഡ് ചിഹ്നം ഉള്ളിടത്ത് കടക്കാം"", ""അവ കാൽനടയാത്രക്കാർക്ക് ബുദ്ധിമുട്ടുണ്ടാകും"", ""കുട്ടികൾക്ക് ഭയം തോന്നാം"", ""റോഡ് മുറിച്ച് കടക്കുന്ന ആളെ മറ്റു വാഹനങ്ങളുടെ ഡ്രൈവർമാർക്ക് കാണാൻ കഴിയുകയില്ല""]",,3
644,നിങ്ങൾ ഒരു സ്റ്റാർഗിഡ് ജംഗ്ഷനെ സമീപിക്കുമ്പോൾ നിങ്ങൾ എന്താണ് ചെയ്യേണ്ടത്?,"[""മുന്നോട്ട് പോകുന്നതിന് ഹസാർഡ് വാണിംഗ് ലൈറ്റ് ഉപയോഗിക്കുക"", ""ജംഗ്ഷൻ കടന്നുപോകാൻ മിന്നുന്ന ഹെഡ് ലൈറ്റ് ഉപയോഗിക്കുക"", ""വാഹനം വേഗത കുറയ്ക്കുക"", ""നിങ്ങളുടെ വേഗത നിലനിർത്തുകയും ഹോൺ മുഴക്കുകയും ചെയ്യുക""]",,2
645,ഒരു റൗണ്ട് എബൗട്ടിൽ നേരെ മുന്നോട്ട് പോകുമ്പോൾ .............,"[""വലത് സിഗ്നലും തുടർന്ന് ഇടത് സിഗ്നലും സൂചിപ്പിക്കുക"", ""എൻട്രിയിൽ സിഗ്നൽ ആവശ്യമില്ല"", ""ഹസാർഡ് വാണിംഗ് ലൈറ്റ് ഉപയോഗിക്കുക"", ""നിങ്ങൾ നേരെ പോകുന്നു എന്ന് സൂചിപ്പിക്കാൻ മിന്നുന്ന ഹെഡ് ലൈറ്റ് ഉപയോഗിക്കുക""]",,1
646,ബ്രേക്ക് ചെയ്യുമ്പോൾ നിങ്ങളുടെ വാഹനം ഒരു വശത്തേക്ക് വലിക്കുന്നു നിങ്ങൾ എന്തു ചെയ്യണം?,"[""ചുറ്റുമുള്ള ടയറുകൾ മാറ്റുക"", ""ബ്രേക്ക് ചെയ്യുമ്പോൾ പെഡൽ പമ്പ് ചെയ്യുക"", ""വാഹനം നിർത്താൻ ഒരേ സമയം ഹാൻഡ് ബ്രേക്ക് ഉപയോഗിക്കുക"", ""നിങ്ങളുടെ മെക്കാനിക്കിനെ സമീപിക്കുക""]",,3
647,ഇറക്കം ഇറങ്ങുമ്പോൾ ബ്രേക്ക് കുറയുന്നത് തടയാൻ?,"[""ഒരു ചെറിയ ദൂരത്തേക്ക് ന്യൂട്രൽ തെരഞ്ഞെടുക്കുക"", ""ബ്രേക്ക് പെഡൽ തുടർച്ചയായി അമർത്തുക"", ""അനുയോജ്യമായ ഉയർന്ന പവർ ഗിയർ (Low Gear) തെരഞ്ഞെടുത്ത് ആവശ്യമെങ്കിൽ മാത്രം ബ്രേക്ക് പ്രയോഗിക്കുക"", ""വാഹനം ടോപ്പ് ഗിയറിൽ ഇറങ്ങുകയും ആവശ്യങ്ങൾ മാത്രം ബ്രേക്ക് പ്രയോഗിക്കുക""]",,2
648,റോഡിൽ നിങ്ങൾ വാഹനം ഓടിക്കുമ്പോൾ മുൻവശത്തെ ടയർ പൊട്ടുന്നു നിങ്ങൾ എന്താണ് ചെയ്യേണ്ടത്?,"[""സ്റ്റിയറിങ് വീലിലെ പിടി അഴിക്കുക"", ""ഏതെങ്കിലും അങ്ങേയറ്റത്തെ സ്ഥാനത്തേക്ക് സ്റ്റിയറിങ്ങിൽ ലോക്ക് ചെയ്ത് ബ്രേക്ക് ഉപയോഗിക്കുക"", ""അടിയന്തര വാഹനം നിർത്തുന്നതിന് വേണ്ടി ദൃഢമായി ബ്രേക്ക് ചെയ്യുക"", ""സ്റ്റിയറിംഗിൽ മുറുകെപ്പിടിക്കുക ബ്രേക്ക് ഉപയോഗിച്ച് സുരക്ഷിതമായി നിർത്തുക (Stop Slowly)""]",,3
649,ഡ്രൈവിങ്ങിനിടെ നിങ്ങളുടെ വാഹനം തെന്നി മാറിയാൽ (Skid) നിങ്ങൾ എന്താണ് ചെയ്യേണ്ടത്?,"[""സ്റ്റിയറിങ് വീൽ ഇടത്തോട്ടും വലത്തോട്ടും തിരിക്കുക"", ""പാർക്കിംഗ് ബ്രേക്കുകൾ വലിക്കുക"", ""കാർ സ്കിഡ് ചെയ്യുന്ന ദിശയിലേക്ക് സ്റ്റിയറിങ്ങിൽ വീൽ തിരിക്കുക"", ""കാർ സ്കിഡ് ചെയ്യുന്ന എതിർശയിലേക്ക് സ്റ്റിയറിംഗിൽ തിരിക്കുക""]",,2
650,വളവിലോ കുത്തനെ ഉള്ള തിരിവിലോ ഇനി പറയുന്നതിൽ ഏതാണ് ചെയ്യേണ്ടത്?,"[""ഉചിതമായ ഗിയർ തിരഞ്ഞെടുക്കുക"", ""നിങ്ങളുടെ വേഗത ക്രമീകരിക്കുക"", ""ഇടത് വശം ചേർന്നു പോവുക"", ""മുകളിൽ പറഞ്ഞവയെല്ലാം""]",,3
651,ഹാർഡ് സ്റ്റിയറിങ് കാരണമാകുന്നത് എന്താണ്?,"[""മോശമായി തേഞ്ഞ ടയർ"", ""അളവിൽ കൂടുതൽ വായു ടയറിൽ നിറയുന്നത് കൊണ്ട്"", ""ടയറിൽ വായു അളവിൽ കുറഞ്ഞതുകൊണ്ട്"", ""മുകളിൽ പറഞ്ഞവയെല്ലാം""]",,2
652,അമിതവേഗതയിലുള്ള ഡ്രൈവിംഗ്..........,"[""നിങ്ങൾക്ക് മികച്ച ഇന്ധനക്ഷമത നൽകുന്നു"", ""നിങ്ങളുടെ യാത്രയ്ക്ക് കുറച്ചു സമയമെടുക്കുന്നുള്ളൂ"", ""അപകടത്തോട് പ്രതികരിക്കാനുള്ള സമയം കുറയ്ക്കുന്നു"", ""മുകളിൽ പറഞ്ഞവയെല്ലാം""]",,2
653,കഠിനമായ ഡ്രൈവിംഗ് എങ്ങനെ ഒഴിവാക്കാം?,"[""പാർക്കിംഗ് ബ്രേക്ക് സൗമ്യമായി ഉപയോഗിക്കുക"", ""സർവീസ് ബ്രേക്കിന്റെ പെട്ടെന്നുള്ള പ്രയോഗം"", ""ഗിയറുകൾ മാത്രം ഉപയോഗിച്ച് വേഗത കുറയ്ക്കുക"", ""ബ്രേക്ക് ഉപയോഗിക്കുന്നതിൽ മുൻകൂട്ടി ആസൂത്രണം ചെയ്ത നടപടിയെടുക്കുക (Planning)""]",,3
654,ഒരു ട്രക്കിൽ, ചരക്ക് കമ്പാർട്ട്മെന്റിൽ കൊണ്ടുപോകാവുന്ന ആളുകളുടെ എണ്ണം എത്ര?,"[""അധികമായി ഒരാൾ"", ""പെർമിറ്റിൽ കാണിച്ചിരിക്കും പ്രകാരം"", ""രജിസ്ട്രേഷൻ സർട്ടിഫിക്കറ്റിൽ പ്രകാരം (For Cabin)"", ""മുകളിൽ കൊടുത്തിരിക്കുന്ന ഒന്നും ശരിയല്ല (For Goods Carriage Area)""]",,2
655,ഇരുചക്ര വാഹനത്തിന്റെ അടിസ്ഥാന സുരക്ഷ ആവശ്യകതകൾ?,"[""സാരി ഗാർഡ്"", ""ഇരുവശത്തും പിലിയൻ റൈഡർക്കുള്ള ഫുഡ് റെസ്റ്റ്"", ""പില്ല്യൻ ഹാൻഡ് ഹോൾഡുകൾക്കുള്ള പ്രൊഫഷൻ"", ""മുകളിൽ പറഞ്ഞവ എല്ലാം""]",,3
656,കുത്തനെ ഉള്ള ഇറക്കത്തിലേക്ക് ഇറങ്ങുന്നതിനുള്ള ഏറ്റവും സുരക്ഷിത മാർഗം?,"[""ബ്രേക്കിനൊപ്പം ഉയർന്ന ടോർക്ക് ഗിയർ"", ""ബ്രേക്കിനൊപ്പം ടോപ്പ് ഗിയർ ഉപയോഗിക്കുക"", ""ഒരേസമയം ബ്രേക്കും ക്ലച്ച് ഉപയോഗിക്കുക"", ""ഉയർന്ന ടോർക്ക് ഗിയറിൽ (Low Gear) ബ്രേക്കും ക്ലച്ചും ഉപയോഗിച്ച്""]",,3
657,വിഭജിക്കാത്ത റോഡിൽ നീളത്തിൽ റോഡിൻറെ മധ്യഭാഗത്ത് വലിയ വിടവോടുകൂടിയുള്ള ഇടവിട്ടുള്ള വരകൾ (ബ്രോക്കൺ ലൈൻ) സൂചിപ്പിക്കുന്നത് എന്താണ്?,"[""മുന്നറിയിപ്പു വരികൾ (Hazard Warning Line)"", ""ഓവർടൈക്കിങ് സോൺ അല്ല"", ""മറുവശത്ത് നിന്ന് വാഹനം വരുന്നില്ലെങ്കിൽ മറികടക്കാം"", ""ജാഗ്രതയോടെ മറികടക്കുക""]",,0
658,വിഭജിക്കാത്ത റോഡിൽ നീളത്തിൽ റോഡിൻറെ മധ്യഭാഗത്ത് ചെറിയ വിടവുകളോടുകൂടിയ ഇടവിട്ടുള്ള വെള്ള വരകൾ (ബ്രോക്കൺ ലൈൻ) സൂചിപ്പിക്കുന്നത് എന്താണ്?,"[""മുന്നറിയിപ്പ് വരകൾ"", ""ഓവർ ടൈപ്പിംഗ് സോൺ അല്ല"", ""മറുവശത്ത് നിന്ന് വാഹനം വരുന്നില്ലെങ്കിൽ മറികടക്കാം"", ""ജാഗ്രതയോടെ മറികടക്കുക""]",,2
659,വിഭജിക്കാത്ത റോഡിൽ നീളത്തിൽ റോഡിൻറെ മധ്യഭാഗത്ത് തുടർച്ചയായി വെള്ള വരകൾ സോളിഡ് വൈറ്റ് ലൈൻ സൂചിപ്പിക്കുന്നത് എന്താണ്?,"[""മുന്നറിയിപ്പു വരികൾ"", ""മുറിച്ചു കടക്കരുത് (Do not cross)"", ""മറുവശത്ത് നിന്ന് വാഹനം വരുന്നില്ലെങ്കിൽ മറികടക്കാം"", ""ജാഗ്രതയോടെ മറികടക്കുക""]",,1
660,റോഡിൻറെ ബോർഡർ എഡ്ജ് ലൈനിൽ ഇട വിട്ടുള്ള വെള്ള വര സൂചിപ്പിക്കുന്നത് എന്താണ്?,"[""ലൈൻ മുറിച്ച് കടക്കരുത്"", ""പാർക്കിംഗ് ഏരിയ"", ""ക്രോസിംഗ് അനുവദനീയമാണ് (Crossing Allowed)"", ""തുടരുന്നതിനു മുൻപ് നിർത്തുക""]",,2
660,റോഡിൻറെ മധ്യഭാഗത്ത് ലാഡർ ഹാച്ചിങ് അടയാളങ്ങൾ സൂചിപ്പിക്കുന്നത് എന്താണ്?,"[""മീഡിയൻ, ഓവർടേക്കിങ്ങ് നിരോധിച്ചിരിക്കുന്നു"", ""എതിർവശത്തുനിന്ന് വാഹനം വരുന്നില്ലെങ്കിൽ മറികടക്കാം"", ""ഇരുവശത്തും ഓവർടേക്ക് അനുവദിച്ചു"", ""വാഹനങ്ങൾ മദ്യഭാഗത്ത് പാർക്ക് ചെയ്യാം""]",,0
661,ബോർഡർ ലൈനിലെ റിവേഴ്സ് ഹാച്ച് അടയാളങ്ങൾ സൂചിപ്പിക്കുന്നത് എന്താണ്?,"[""റിവേഴ്സ് ചെയ്ത പാർക്കിംഗ് ഏരിയ"", ""അടിയന്തര ഓവർടൈക്കിനായി"", ""കാൽനടപ്പാത വാഹനം പാർക്ക് ചെയ്യാനോ ഓടിക്കാനോ ഉദ്ദേശിച്ചിട്ടുള്ളതല്ല (Emergency/Pedestrian)"", ""സൈഡ് റോഡ് സൂചന""]",,2
662,റോഡ് സ്ലിപ്പറി റോഡ് അടയാളം കാണുന്നിടത്ത് ഡ്രൈവർ ............?,"[""ഗിയർ മാറ്റി വേഗത കുറയ്ക്കുക"", ""വേഗത കുറയ്ക്കാൻ സഡൻ ബ്രേക്ക് പ്രയോഗിക്കുക"", ""നിങ്ങൾക്ക് സുരക്ഷിതം തോന്നുന്നുവെങ്കിൽ അതേ വേഗതയിൽ തുടരുക"", ""വഴുക്കൽ ഒഴിവാക്കാൻ ബ്രേക്കിനോടൊപ്പം ക്ലച്ചും അമർത്തുക""]",,0
663,സിഗ്നൽ ലൈറ്റോ പോലീസുകാരോ ഇല്ലാത്ത ഒരു കവലയിൽ എത്തുമ്പോൾ നിങ്ങൾ എന്താണ് ചെയ്യേണ്ടത്?,"[""മറ്റു റോഡുകളിൽ നിന്ന് കവലയിലേക്ക് വരുന്ന ഗതാഗതത്തിന് വഴി നൽകുക"", ""ശരിയായ സിഗ്നൽ നൽകി ഹോൺ മുഴക്കി മുന്നോട്ടു പോവുക"", ""നിങ്ങളുടെ വലതുവശത്തുനിന്ന് കവലയിലേക്ക് അടുക്കുന്ന വാഹനങ്ങൾക്ക് മുൻഗണന നൽകുക, ശേഷം ആവശ്യമായ സിഗ്നലുകളിൽ നൽകിയതിനു ശേഷം മുന്നോട്ടുപോകുക"", ""നിങ്ങളുടെ ഇടതുവശത്ത് നിന്ന് കവലയിലേക്ക് അടുക്കുന്ന വാഹനങ്ങൾക്ക് മുൻഗണന നൽകുക, ശേഷം ആവശ്യമായ സിഗ്നലുകൾ നൽകിയ ശേഷം മുന്നോട്ട് പോവുക""]",,2
664,എന്താണ് ടെയിൽ - ഗേറ്റിംഗ്?,"[""അപകടകരമായ രീതിയിൽ വാഹനത്തിന് മുന്നിൽ വളരെ അടുത്തുള്ള ഡ്രൈവിംഗ്"", ""വാഹനത്തിൽ നിന്ന് സുരക്ഷിത അകലം പാലിക്കൽ"", ""മുന്നിലുള്ള വാഹനത്തിൽ നിന്ന് കുറഞ്ഞത് 7 മീറ്റർ എങ്കിലും അകലം പാലിക്കൽ"", ""അപകടകരമായ രീതിയിൽ വാഹനത്തിന് പിന്നിൽ വളരെ അടുത്തുള്ള ഡ്രൈവിംഗ്""]",,3
665,എന്താണ് ഡിഫെൻസീവ് ഡ്രൈവിംഗ്?,"[""ഡ്രൈവർമാരും മറ്റ് റോഡ് ഉപഭോക്താക്കളും ട്രാഫിക് നിയമങ്ങളും റോഡ് അടയാളങ്ങളുടെയും ലംഘനം മുൻകൂട്ടി കണ്ടുകൊണ്ട് ജാഗ്രതയോടെ വാഹനം ഓടിക്കുക"", ""റോഡ് അടയാളങ്ങൾ പരിഗണിക്കാതെ ലക്ഷ്യസ്ഥാനത്ത് എത്തുക എന്ന ഒറ്റ ലക്ഷ്യത്തോടുകൂടിയുള്ള ഡ്രൈവിംഗ്"", ""മറ്റ് റോഡ് ഉപഭോക്താക്കളുടെ സുരക്ഷിതയെക്കുറിച്ച് ജാഗ്രത പുലർത്തുമെന്ന അനുമാനത്തിൽ വാഹനം ഓടിക്കുന്നത്"", ""മുകളിൽ പറഞ്ഞവയ എല്ലാം""]",,0
666,ലോറികളിൽ ചരക്കുകൾ കയറ്റുമ്പോൾ,"[""30 സെന്റീമീറ്റർ വരെ ഇരുവശത്തേക്കും ചരക്കുകൾ തള്ളിനീക്കാം"", ""ഇരുവശത്തേക്കും ചരക്കുകൾ തള്ളിനിൽക്കാൻ പാടില്ല"", ""50 സെൻറീമീറ്റർ വരെ ഇരുവശത്തേക്കും ചരക്കുകൾ തള്ളിനിൽക്കാം"", ""100 സെന്റിമീറ്റർ വരെ ഇരുവശത്തേക്കും ചരക്കുകൾ""]",,1
667,ഒരു റൗണ്ട് എബോട്ടിൽ വാഹനം ഉള്ളപ്പോൾ.......?,"[""റൗണ്ട് എബോട്ടിൽ പ്രവേശിക്കുന്ന വാഹനങ്ങൾക്ക് മുൻഗണന"", ""റൗണ്ട് എബോട്ടിൽ നിന്ന് പുറത്തേക്ക് പോകുന്ന വാഹനങ്ങൾക്ക് മുൻഗണന"", ""റൗണ്ട് എബോട്ടിൽ ഉള്ള വാഹനങ്ങൾക്ക് മുൻഗണന"", ""മുകളിൽ പറഞ്ഞവയെല്ലാം""]",,2
668,നിങ്ങൾ ഒരു വാഹനത്തെ അപകടകരമായ നിലയിൽ ഉപേക്ഷിക്കുമ്പോൾ നിങ്ങൾ നടപടി സ്വീകരിക്കാൻ ക്ഷണിക്കുന്നു,"[""സെക്ഷൻ 121"", ""സെക്ഷൻ 122"", ""സെക്ഷൻ 185"", ""സെക്ഷൻ 129""]",,1
669,ലെഫ്റ്റ് ഹാൻഡ് സ്റ്റിയറിങ് നിയന്ത്രണമുള്ള വാഹനം ഉപയോഗിക്കുമ്പോൾ ............?,"[""ഒരു മുന്നറിയിപ്പ് ബോർഡ് “ലെഫ്റ്റ് ഹാൻഡ് ഡ്രൈവ്“ പ്രദർശിപ്പിക്കുക"", ""മെക്കാനിക്കൽ അല്ലെങ്കിൽ ഇലക്ട്രിക്കൽ സിഗ്നൽ ഉപകരണം ഉപയോഗിക്കുക"", ""മുകളിൽ പറഞ്ഞ രണ്ടും ഉപയോഗിച്ച്"", ""ലെഫ്റ്റ് ഹാൻഡ് സ്റ്റിയറിങ് വാഹനങ്ങൾ ഓടിക്കാൻ അനുവാദമില്ല""]",,2
670,ചുവപ്പ് / പർപ്പിൾ റോഡ് മാർക്കിങ്ങുകൾ പ്രാർത്ഥികമായി ഉപയോഗിക്കുന്നത്,"[""അപകടം മനസ്സിലാക്കാൻ ആളുകളെ സഹായിക്കുന്നതിന്"", ""സുഗമമായ ഗതാഗതം മനസ്സിലാക്കാൻ"", ""തിരക്കേറിയ റോഡുകൾ അറിയാൻ"", ""കാഴ്ച കുറവുള്ള റോഡുകൾ അറിയാൻ""]",,0
671,ഇരട്ട സ്റ്റോപ്പ് ലൈനുകൾ പ്രയോഗിക്കുന്നത്........?,"[""ട്രാഫിക് സിഗ്നലും കാൽനട ക്രോസ്സിങ്ങിനു മുന്നിലും"", ""റോഡ് ഇന്റർ സെക്ഷൻ സൂചിപ്പിക്കാൻ"", ""സ്റ്റോപ്പ് അടയാളങ്ങളാൽ നിയന്ത്രിക്കപ്പെടുന്ന ജംഗ്ഷനുകളിൽ"", ""റൗണ്ട് എബോട്ടിന്റെ പ്രവേശന കവാടത്തിൽ""]",,0
672,മോട്ടോർസൈക്കിൾ യാത്രക്കാർ സാധാരണയായി അപകടം ഉണ്ടാക്കുന്നത്.......?,"[""അമിതവേഗത"", ""ട്രിപ്പിൾ റൈഡിംഗ്"", ""സിഗ്സാഗ് രീതിയിൽ ഡ്രൈവ് ചെയ്തുകൊണ്ട് വാഹനങ്ങളുടെ വളരെ അടുത്തുകൂടി കടന്നുപോകുന്നു"", ""മുകളിൽ പറഞ്ഞവയെല്ലാം""]",,3
673,പ്രഥമ ശുശ്രൂഷയുടെ പ്രധാന ലക്ഷ്യം എന്താണ്?,"[""വേദന കുറയ്ക്കുന്നതിനും അപകട ചികിത്സയുടെ മുൻഗണനകൾക്കും"", ""പരിക്ക് വഷളാകാതിരിക്കാനും അതിൻറെ പ്രത്യാഘാതങ്ങൾ തടയാനും"", ""അപകടത്തിൽപ്പെട്ട ആളെ കൂടുതൽ അപകടത്തിൽ നിന്ന് സംരക്ഷിക്കാൻ"", ""മുകളിൽ പറഞ്ഞവ എല്ലാം""]",,1
674,നിങ്ങൾ ഒരു സമാന്തര പാർക്കിംഗ് സ്ഥലത്ത് നിന്ന് തെരുവിലേക്ക് വാഹനം ഓടിക്കുമ്പോൾ, നിങ്ങൾ എന്ത് ചെയ്യണം?,"[""ഹോൺ മുഴക്കി പതുക്കെ പുറത്തേക്ക് ഒടിക്കുക"", ""അപകടമുണ്ടാക്കാൻ സാധ്യത ഉള്ള വാഹനങ്ങൾ ഒന്നും പരിസരത്ത് ഇല്ലെന്ന് ഉറപ്പ് വരുത്തിയ ശേഷം ജാഗ്രതയോടെ മുന്നോട്ട് പോകുക"", ""മറ്റു ട്രാഫിക്കുകൾക്കു സിഗ്നൽ കാണിക്കുക തുടർന്നു ശ്രദ്ധാപൂർവം നീങ്ങുക"", ""മുകളിൽ പറഞ്ഞവ എല്ലാം""]",,2
675,സോളിഡ് ലൈൻ അടയാളപ്പെടുത്തിയ ടേണിങ് ലൈനുകളിലുള്ള കവലകളെ സമീപിക്കുമ്പോൾ ഒരു ഡ്രൈവർ എന്ത് ചെയ്യണം?,"[""അശ്രദ്ധമായി പാതകൾ മാറ്റുക"", ""ഉദ്ദേശിച്ച ദിശക്കായി ഉദ്യേശിച്ചിട്ടുള്ള പാതയിൽ തുടരുക"", ""സ്വതന്ത്രമായി മറ്റൊരു പാതയിലേക്ക് കടക്കുക"", ""പാത അടയാളപ്പെടുത്തലുകൾ അവഗണിക്കുക""]",,1
676,നേരെ പോകേണ്ട ഒരു ക്രോസിങ്ങിനെ സമീപിക്കുമ്പോൾ……,"[""വലത് പാതയിലേക്ക് വാഹനം മാറ്റുക"", ""ക്രോസിംഗിലെ മധ്യ പാതയിലേക്ക് വാഹനം മാറ്റുക"", ""കുറഞ്ഞത് 200 മീറ്റർ മുന്നിൽ വാഹനം മധ്യപാതയിലേക്ക് മാറ്റുക"", ""കുറഞ്ഞത് 50 മീറ്റർ മുന്നിൽ വാഹനം മധ്യപാതയിലേക്ക് മാറ്റുക""]",,1
677,ഒരു യൂട്ടേൺ എടുക്കുന്നതിനു മുൻപ് ഒരു ഡ്രൈവർ എന്താണ് പരിശോധിക്കേണ്ടത്?,"[""എതിർ ദിശയിലെ ഗതാഗതം മാത്രം"", ""കാലാവസ്ഥ സാഹചര്യങ്ങൾ"", ""ബ്ലൈൻഡ് സ്പോട്ടുകളും എല്ലാ ദിശകളിലുമുള്ള ട്രാഫിക്കും"", ""വാഹനത്തിലെ ഇന്ധന വില""]",,2
678,എപ്പോഴാണ് വലതുവശത്തു നിന്നു വരുന്ന വാഹനങ്ങൾക്ക് റൈറ്റ് ഓഫ് വേ നിയമം ബാധകമാകാത്തത്?,"[""വാഹനം പാർക്ക് ചെയ്തിരിക്കുമ്പോൾ"", ""ട്രാഫിക് ലൈറ്റുകളോ അടയാളങ്ങളും ഉപയോഗിച്ച് കവല നിയന്ത്രിക്കുമ്പോൾ"", ""വാഹനങ്ങൾ പതുക്കെ നീങ്ങുമ്പോൾ"", ""റോഡ് ശൂന്യമായപ്പോൾ""]",,1
679,ഒരു ഇന്റർ സെക്ഷനിൽ ഗതാഗതം സ്തംഭിച്ചാൽ മോട്ടോർ വാഹനം എന്തു ചെയ്യണം?,"[""ഇന്റർസെക്ഷനിൽ ശ്രദ്ധയോടെ കയറുക"", ""മറ്റു ഡ്രൈവർമാരെ അലർട്ട് ചെയ്യുന്നതിനായി ഹോൺ മുഴക്കുക"", ""കുറഞ്ഞ വേഗതയിൽ കവലയിലൂടെ ഡ്രൈവ് ചെയ്യുക"", ""പ്രവേശിക്കുന്നതിനു മുൻപ് ട്രാഫിക് ക്ലിയറാകുന്നത് വരെ കാത്തിരിക്കുക""]",,3
680,നിങ്ങളുടെ വാഹനത്തെ സമീപിക്കുമ്പോൾ ടയറുകളുമായി ബന്ധപ്പെട്ട് നിങ്ങൾ എന്താണ് നോക്കേണ്ടത്?,"[""അവ ശരിയായ മർദ്ദത്തിലാണെന്നും കാഴ്ചയിൽ കേടുപാടുകൾ ഇല്ലെന്നും ഉറപ്പാക്കുക"", ""ടയറുകൾ ശരിയായ നിറമാണോ എന്ന് പരിശോധിക്കുക"", ""ഏതെങ്കിലും അലങ്കാര ഹബ് ക്യാപ്പുകൾക്കായി നോക്കുക"", ""ടയറുകൾ വാഹനത്തിൻറെ ബ്രാൻഡുമായി പൊരുത്തപ്പെടുന്നുണ്ടെന്ന് ഉറപ്പാക്കുക""]",,0
681,കോക്ക്പിറ്റ് ഡ്രില്ലിന്റെ ഭാഗമായി വാഹനത്തിന് പ്രവേശിക്കുന്നതിനു മുമ്പ് നിങ്ങളുടെ സാധനങ്ങൾ എന്തു ചെയ്യണം?,"[""പിന്നീട് എടുക്കുന്നതിന് വേണ്ടി വാഹനത്തിന് പുറത്തുവക്കുക"", ""അവ സുരക്ഷിതമാണെന്നും വാഹനം ഓടിക്കാനുള്ള നിങ്ങളുടെ കഴിവിനെ തടസ്സപ്പെടുത്തുന്നില്ലെന്ന് ഉറപ്പാക്കുക"", ""ഭാരം പരിഗണിക്കാതെ അവയെ ട്രെയിൽ വയ്ക്കുക"", ""വാഹനം ഓടിക്കുമ്പോൾ അവ നിങ്ങളുടെ മടിയിൽ പിടിക്കുക""]",,1
682,ഇനി പറയുന്നവയിൽ ഏതാണ് ഡിഫൻസീവ് ഡ്രൈവിങ്ങിന്റെ പ്രധാന ഘടകമല്ല?,"[""സുരക്ഷിതമായി അകലം പാലിക്കൽ"", ""അപകട സാധ്യതകൾ മനസ്സിലാക്കുന്നതിന് വേണ്ടി റോഡ് നിരന്തരം സ്കാൻ ചെയ്യുന്നു"", ""മറ്റു ഡ്രൈവർമാർക്ക് മുന്നറിയിപ്പ് നൽകാൻ നിങ്ങളുടെ ഹോൺ ഇടക്കിടെ ഉപയോഗിക്കുന്നു"", ""മറ്റു ഡ്രൈവർമാരുടെ പെരുമാറ്റങ്ങളും ഉദ്ദേശങ്ങളും കുറിച്ച് അറിഞ്ഞിരിക്കുക""]",,2
683,സുരക്ഷിതമായ അകലം പാലിക്കുന്നത് എങ്ങനെ പ്രതിരോധാത്മക ഡ്രൈവിങ്ങിന് സംഭാവന നൽകുന്നു?,"[""മറ്റു വാഹനങ്ങൾ എളുപ്പത്തിൽ മറികടക്കാൻ ഇത് നിങ്ങളെ അനുവദിക്കുന്നു"", ""പെട്ടെന്നുള്ള സ്റ്റോപ്പുകൾ അല്ലെങ്കിൽ അടിയന്തര സാഹചര്യങ്ങളോട് പ്രതികരിക്കാൻ ഇത് നിങ്ങളെ ധാരാള സമയം നൽകുന്നു"", ""വരുന്ന ട്രാഫിക്കിന്റെ വേഗത അളക്കാൻ ഇത് നിങ്ങളെ സഹായിക്കുന്നു"", ""ഇത് അതിവേഗ ടിക്കറ്റ് ലഭിക്കാനുള്ള സാധ്യത കുറയ്ക്കുന്നു""]",,1
684,ഡിഫൻസീവ് ഡ്രൈവിംഗ് പരിശീലിക്കുമ്പോൾ മറ്റൊരു ഡ്രൈവർ അക്രമാസക്തം ആവുകയോ തെറ്റായ രീതിയിൽ പെരുമാറുകയാണെങ്കിൽ നിങ്ങൾ എന്ത് ചെയ്യണം?,"[""നിങ്ങളുടെ സ്ഥാനം ഉറപ്പിക്കാൻ അവരുമായി ഇടപഴകുക"", ""അവരെ അവഗണിക്കുകയും നിങ്ങളുടെ വേഗതയും ദൂരവും നിലനിർത്തുകയും ചെയ്യുക"", ""നിങ്ങളുടെ കഴിവ് തെളിയിക്കാൻ അവരെ മറികടക്കാൻ ശ്രമിക്കുക"", ""അവർ നിങ്ങളുടെ വെട്ടികളയില്ലെന്ന് ഉറപ്പാക്കാൻ സൂക്ഷ്മമായി പിന്തുടരുക""]",,1
685,മറ്റൊരു ഡ്രൈവർ നിങ്ങളെ ടെയിൽഗേറ്റിംഗ് ചെയ്യുകയാണെങ്കിൽ നിങ്ങൾ എന്ത് ചെയ്യണം?,"[""ദൂരം നിലനിർത്താൻ വേഗത കൂട്ടുക"", ""നിങ്ങളുടെ നിലവിലെ വേഗത നിലനിർത്തുക"", ""ദൂരം കൂട്ടാൻ വേഗത കുറയ്ക്കുക"", ""പെട്ടെന്ന് നിർത്തുക""]",,2
686,കനത്ത ട്രാഫിക്കിൽ വാഹനം ഓടിക്കുമ്പോൾ നിങ്ങൾ എന്ത് ചെയ്യണം?,"[""സുരക്ഷിതമായ അകലം പാലിക്കുക ജാഗ്രത പാലിക്കുകയും ചെയ്യുക"", ""ട്രാഫിക്കിലൂടെ നുഴഞ്ഞു കയറുക"", ""ഇടക്കിടെ ഫോൺ ഉപയോഗിക്കുക"", ""നാവിഗേഷൻ വേണ്ടി ഹോൺ ഉപയോഗിക്കുക""]",,0
687,ബ്രേക്കിംഗ് ഡിസ്റ്റൻസ് എപ്പോഴാണ് ദീർഘമേറിയതാകുന്നത്?,"[""അമിതവേഗത്തിൽ വാഹനം ഓടിക്കുകയാണെങ്കിൽ"", ""ഡ്രൈവർ ശ്രദ്ധ തെറ്റുകയോ ക്ഷീണിക്കുകയോ ചെയ്താൽ"", ""മയക്കുമരുന്ന് അല്ലെങ്കിൽ മദ്യം കഴിച്ച വാഹനം ഓടിക്കുകയാണെങ്കിൽ"", ""മുകളിൽ പറഞ്ഞവയെല്ലാം""]",,3
688,നാലു വയസ്സുള്ള കുട്ടിയെ പിന്നിലിരുത്തി യാത്ര ചെയ്യുന്ന മോട്ടോർസൈക്കിളിന്റെ വേഗത ……. കൂടുതൽ ആവരുത്,"[""മണിക്കൂറിൽ 20 കിലോമീറ്റർ"", ""മണിക്കൂറിൽ 30 കിലോമീറ്റർ"", ""മണിക്കൂറിൽ 40 കിലോമീറ്റർ"", ""മണിക്കൂറിൽ 50 കിലോമീറ്റർ""]",,2
689,9 മാസത്തിനും നാലു വയസ്സിനും ഇടയിൽ പ്രായമുള്ള ഒരു കുട്ടിയെ പിന്നിൽ ഇരുത്തി യാത്ര ചെയ്യുമ്പോൾ ഒരു മോട്ടോർസൈക്കിൾ ഡ്രൈവർ എന്ത് സുരക്ഷ ആണ് ഉറപ്പുവരുത്തേണ്ടത്?,"[""സുരക്ഷാ ഹാർനെസ്"", ""ക്രാഷ് ഹെൽമെറ്റ്"", ""മണിക്കൂറിൽ 40 കിലോമീറ്റർ വേഗത്തിൽ കൂടരുത്"", ""മുകളിൽ പറഞ്ഞവ എല്ലാം""]",,3
690,ഏതെങ്കിലും ശാരീരിക വൈകല്യമുള്ള ഒരു വ്യക്തിയുടെ ഉപയോഗത്തിന് സെക്ഷൻ 52 ഉപവകുപ്പ് ( 2 ) പ്രകാരം പ്രത്യേകം രൂപകൽപ്പന ചെയ്തതും നിർമ്മിച്ചതുമായ അല്ലെങ്കിൽ മാറ്റങ്ങൾ വരുത്തിയതുമായ ഒരു മോട്ടോർ വാഹനത്തെ…….. എന്ന് പറയുന്നു,"[""ഇൻവാലിഡ് ക്യാര്യേജ്"", ""വികലാംഗ വാഹനം"", ""അഡാപ്റ്റഡ് വാഹനം"", ""ആൾട്ടേർഡ് വെഹിക്കിൾ""]",,2
691,വാഹനത്തിൻറെ മൊത്തം ഭാരം ……. മുകളിൽ വരുന്ന വാഹനത്തെ ഹെവി വെഹിക്കിൾ, അല്ലെങ്കിൽ ഹെവി ഗുഡ്സ് വെഹിക്കിൾ, അല്ലെങ്കിൽ ഹെവി പാസഞ്ചർ മോട്ടോർ വെഹിക്കിൾ എന്ന് പറയുന്നു,"[""7,500 കിലോഗ്രാം"", ""10,000 കിലോഗ്രാം"", ""12,000 കിലോഗ്രാം"", ""5,000 കിലോഗ്രാം""]",,2